datatype,method,projtol,zeroQ,starttime,nmeshpts,ndatapts,ncores,gitcommit,uuid,predinput,queryinput,projQ,oref_1,oref_2,oref_3,oref_4,oref_5,oref_6,oref_7,oref_8,oref2_1,oref2_2,oref2_3,oref2_4,oref2_5,oref2_6,oref2_7,oref2_8,nnmu,nnsigma,symruntime,runtime,parity,PredictMethod,KernelType,KernelParameters_1,KernelParameters_2,KernelParameterNames,Beta,Sigma,genseed,errmetrics,rmse,mae
brk,gpr,0.0001,0,05-Nov-2020 13:26:42,10000,1000,12,e94b9ec,600041ca,5dof,5dof,0,0.731880622688091,0.633002328994548,0.252294389881057,-0.00251921728229307,0.0939269815816352,-0.864081770618349,0.327686339705401,-0.370353990914772,0.731880622688091,0.633002328994548,0.252294389881057,-0.00251921728229307,0.0939269815816352,-0.864081770618349,0.327686339705401,-0.370353990914772,3.99795703497298,0.986154320832688,11.869745,3.891153,,fic,SquaredExponential,0.103843530067818,0.17341791160491,SigmaL,SigmaF,1.13251079129439,0.0555387033699808,5239,,0.0575467099068747,0.0392079035588654
brk,gpr,0.0001,0,05-Nov-2020 13:25:16,10000,1000,12,e94b9ec,8b764de4,5dof,5dof,0,0.731880622688091,0.633002328994548,0.252294389881057,-0.00251921728229307,0.0939269815816352,-0.864081770618349,0.327686339705401,-0.370353990914772,0.731880622688091,0.633002328994548,0.252294389881057,-0.00251921728229307,0.0939269815816352,-0.864081770618349,0.327686339705401,-0.370353990914772,4.00862668624766,0.996522663416861,11.660116,4.433884,,fic,SquaredExponential,0.102577149152842,0.178655393157503,SigmaL,SigmaF,1.12634707496823,0.0564775326917156,17976,,0.0577364571646918,0.0401676151501592
brk,gpr,0.0001,0,05-Nov-2020 13:25:48,10000,1000,12,e94b9ec,104844a1,5dof,5dof,0,0.731880622688091,0.633002328994548,0.252294389881057,-0.00251921728229307,0.0939269815816352,-0.864081770618349,0.327686339705401,-0.370353990914772,0.731880622688091,0.633002328994548,0.252294389881057,-0.00251921728229307,0.0939269815816352,-0.864081770618349,0.327686339705401,-0.370353990914772,3.97891341087209,0.976358927402633,12.614261,4.093393,,fic,SquaredExponential,0.108414447650503,0.19217556236254,SigmaL,SigmaF,1.1217608781377,0.0575061028147014,91030,,0.057006436361164,0.0395909760510245
brk,gpr,0.0001,0,05-Nov-2020 13:26:16,10000,1000,12,e94b9ec,97ef5a62,5dof,5dof,0,0.731880622688091,0.633002328994548,0.252294389881057,-0.00251921728229307,0.0939269815816352,-0.864081770618349,0.327686339705401,-0.370353990914772,0.731880622688091,0.633002328994548,0.252294389881057,-0.00251921728229307,0.0939269815816352,-0.864081770618349,0.327686339705401,-0.370353990914772,3.98836284948607,0.983472558156657,8.557633,7.94092,,fic,SquaredExponential,0.103781543258098,0.169089924138139,SigmaL,SigmaF,1.12907643265379,0.0570307618872279,50157,,0.0518614354186346,0.0366114462049242
brk,gpr,0.0001,0,05-Nov-2020 13:26:08,10000,1000,12,e94b9ec,e0e61d8b,5dof,5dof,0,0.731880622688091,0.633002328994548,0.252294389881057,-0.00251921728229307,0.0939269815816352,-0.864081770618349,0.327686339705401,-0.370353990914772,0.731880622688091,0.633002328994548,0.252294389881057,-0.00251921728229307,0.0939269815816352,-0.864081770618349,0.327686339705401,-0.370353990914772,3.99004502495995,0.986497765406925,8.070742,7.532402,,fic,SquaredExponential,0.0998141948432864,0.168028118402053,SigmaL,SigmaF,1.12255562067922,0.0551206719801383,9314,,0.06005882447922,0.0424489550543186
brk,gpr,0.0001,0,05-Nov-2020 13:25:09,10000,1000,12,e94b9ec,6242dcbb,5dof,5dof,0,0.731880622688091,0.633002328994548,0.252294389881057,-0.00251921728229307,0.0939269815816352,-0.864081770618349,0.327686339705401,-0.370353990914772,0.731880622688091,0.633002328994548,0.252294389881057,-0.00251921728229307,0.0939269815816352,-0.864081770618349,0.327686339705401,-0.370353990914772,3.9869139104127,0.986658562279736,9.380557,7.905521,,fic,SquaredExponential,0.103881111076111,0.17502643676168,SigmaL,SigmaF,1.13934129455261,0.0537807697779777,41824,,0.058739106750848,0.0404866196532459
brk,gpr,0.0001,0,05-Nov-2020 13:26:37,10000,1000,12,e94b9ec,6df92c56,5dof,5dof,0,0.731880622688091,0.633002328994548,0.252294389881057,-0.00251921728229307,0.0939269815816352,-0.864081770618349,0.327686339705401,-0.370353990914772,0.731880622688091,0.633002328994548,0.252294389881057,-0.00251921728229307,0.0939269815816352,-0.864081770618349,0.327686339705401,-0.370353990914772,3.97744252548845,0.991592491196251,11.323226,8.931687,,fic,SquaredExponential,0.108143418486972,0.186716169938763,SigmaL,SigmaF,1.1214727768734,0.0530912986586034,3752,,0.0547200600989564,0.0383998364702882
brk,gpr,0.0001,0,05-Nov-2020 13:25:41,10000,1000,12,e94b9ec,313a29da,5dof,5dof,0,0.731880622688091,0.633002328994548,0.252294389881057,-0.00251921728229307,0.0939269815816352,-0.864081770618349,0.327686339705401,-0.370353990914772,0.731880622688091,0.633002328994548,0.252294389881057,-0.00251921728229307,0.0939269815816352,-0.864081770618349,0.327686339705401,-0.370353990914772,3.97789091810664,0.97829495816866,10.167979,7.570839,,fic,SquaredExponential,0.104029844862691,0.182115755501141,SigmaL,SigmaF,1.13637509528165,0.0575815289670594,66160,,0.0530995537468277,0.0374482269279028
brk,gpr,0.0001,0,05-Nov-2020 13:26:43,10000,1000,12,e94b9ec,3b43ec0a,5dof,5dof,0,0.731880622688091,0.633002328994548,0.252294389881057,-0.00251921728229307,0.0939269815816352,-0.864081770618349,0.327686339705401,-0.370353990914772,0.731880622688091,0.633002328994548,0.252294389881057,-0.00251921728229307,0.0939269815816352,-0.864081770618349,0.327686339705401,-0.370353990914772,3.98567009089751,0.978875466117014,8.668379,7.647571,,fic,SquaredExponential,0.101484640699972,0.174642912661265,SigmaL,SigmaF,1.12751875875664,0.0602538813449249,23497,,0.0563478582749172,0.0405030275253922
brk,gpr,0.0001,0,05-Nov-2020 13:26:15,10000,1000,12,e94b9ec,00f29298,5dof,5dof,0,0.731880622688091,0.633002328994548,0.252294389881057,-0.00251921728229307,0.0939269815816352,-0.864081770618349,0.327686339705401,-0.370353990914772,0.731880622688091,0.633002328994548,0.252294389881057,-0.00251921728229307,0.0939269815816352,-0.864081770618349,0.327686339705401,-0.370353990914772,4.00170246778322,0.989538437408751,10.333156,3.822657,,fic,SquaredExponential,0.102078329892989,0.170219355209359,SigmaL,SigmaF,1.13217160695378,0.0525252858032099,26087,,0.05825061077547,0.0398044813542223
brk,gpr,0.0001,0,05-Nov-2020 13:25:57,1000,1000,12,e94b9ec,fc778be4,5dof,5dof,0,0.731880622688091,0.633002328994548,0.252294389881057,-0.00251921728229307,0.0939269815816352,-0.864081770618349,0.327686339705401,-0.370353990914772,0.731880622688091,0.633002328994548,0.252294389881057,-0.00251921728229307,0.0939269815816352,-0.864081770618349,0.327686339705401,-0.370353990914772,6.46660459654114,1.65235935539837,4.343962,1.587547,,fic,SquaredExponential,0.101053165394739,0.171983985095961,SigmaL,SigmaF,1.1393951986094,0.0568815087862717,4242,,0.0675388493898702,0.050006913276769
brk,gpr,0.0001,0,05-Nov-2020 13:25:40,1000,1000,12,e94b9ec,53cdb5ac,5dof,5dof,0,0.731880622688091,0.633002328994548,0.252294389881057,-0.00251921728229307,0.0939269815816352,-0.864081770618349,0.327686339705401,-0.370353990914772,0.731880622688091,0.633002328994548,0.252294389881057,-0.00251921728229307,0.0939269815816352,-0.864081770618349,0.327686339705401,-0.370353990914772,6.45128887869236,1.6237835001444,2.670859,1.0368,,fic,SquaredExponential,0.0943221385690193,0.161194486251668,SigmaL,SigmaF,1.14661919369406,0.0561904754743559,55817,,0.0708118079836315,0.0486197975284652
brk,gpr,0.0001,0,05-Nov-2020 13:25:24,1000,1000,12,e94b9ec,97fb1dfe,5dof,5dof,0,0.731880622688091,0.633002328994548,0.252294389881057,-0.00251921728229307,0.0939269815816352,-0.864081770618349,0.327686339705401,-0.370353990914772,0.731880622688091,0.633002328994548,0.252294389881057,-0.00251921728229307,0.0939269815816352,-0.864081770618349,0.327686339705401,-0.370353990914772,6.44761016258232,1.68868347848483,3.464516,1.005963,,fic,SquaredExponential,0.0987173379901368,0.14799375051687,SigmaL,SigmaF,1.15093659959584,0.0578000809470577,75933,,0.0776853753974755,0.0529570737465882
brk,gpr,0.0001,0,05-Nov-2020 13:27:04,1000,1000,12,e94b9ec,97196de2,5dof,5dof,0,0.731880622688091,0.633002328994548,0.252294389881057,-0.00251921728229307,0.0939269815816352,-0.864081770618349,0.327686339705401,-0.370353990914772,0.731880622688091,0.633002328994548,0.252294389881057,-0.00251921728229307,0.0939269815816352,-0.864081770618349,0.327686339705401,-0.370353990914772,6.54822047661251,1.67527513751622,4.214186,1.561693,,fic,SquaredExponential,0.0968002863850348,0.154824361203025,SigmaL,SigmaF,1.15379853458336,0.0599814849301752,41296,,0.068652872570869,0.0493412698354134
brk,gpr,0.0001,0,05-Nov-2020 13:26:48,1000,1000,12,e94b9ec,75d0450c,5dof,5dof,0,0.731880622688091,0.633002328994548,0.252294389881057,-0.00251921728229307,0.0939269815816352,-0.864081770618349,0.327686339705401,-0.370353990914772,0.731880622688091,0.633002328994548,0.252294389881057,-0.00251921728229307,0.0939269815816352,-0.864081770618349,0.327686339705401,-0.370353990914772,6.59867684007898,1.66040282734423,4.022013,1.493183,,fic,SquaredExponential,0.0954429957203419,0.148608756688186,SigmaL,SigmaF,1.14246863404396,0.0553178088246435,41373,,0.0734331777144104,0.0510368311853879
brk,gpr,0.0001,0,05-Nov-2020 13:26:46,1000,1000,12,e94b9ec,3110ce69,5dof,5dof,0,0.731880622688091,0.633002328994548,0.252294389881057,-0.00251921728229307,0.0939269815816352,-0.864081770618349,0.327686339705401,-0.370353990914772,0.731880622688091,0.633002328994548,0.252294389881057,-0.00251921728229307,0.0939269815816352,-0.864081770618349,0.327686339705401,-0.370353990914772,6.44409446896645,1.74294306752738,4.235706,2.217693,,fic,SquaredExponential,0.0955129368745213,0.134440849741949,SigmaL,SigmaF,1.16242467679136,0.0507919982050074,34022,,0.0656702279862662,0.0460302295769422
brk,gpr,0.0001,0,05-Nov-2020 13:25:08,1000,1000,12,e94b9ec,a0ba3854,5dof,5dof,0,0.731880622688091,0.633002328994548,0.252294389881057,-0.00251921728229307,0.0939269815816352,-0.864081770618349,0.327686339705401,-0.370353990914772,0.731880622688091,0.633002328994548,0.252294389881057,-0.00251921728229307,0.0939269815816352,-0.864081770618349,0.327686339705401,-0.370353990914772,6.5682782701082,1.73602916970187,4.516303,2.010345,,fic,SquaredExponential,0.100602502636458,0.158190101340874,SigmaL,SigmaF,1.13520407507026,0.0553357046471574,88893,,0.0705219929692561,0.05027946633437
brk,gpr,0.0001,0,05-Nov-2020 13:25:35,1000,1000,12,e94b9ec,fdd28c7c,5dof,5dof,0,0.731880622688091,0.633002328994548,0.252294389881057,-0.00251921728229307,0.0939269815816352,-0.864081770618349,0.327686339705401,-0.370353990914772,0.731880622688091,0.633002328994548,0.252294389881057,-0.00251921728229307,0.0939269815816352,-0.864081770618349,0.327686339705401,-0.370353990914772,6.52698204649723,1.65889351358282,5.631404,3.371929,,fic,SquaredExponential,0.0948365254315043,0.153134752823056,SigmaL,SigmaF,1.13593057676582,0.054249759254934,73024,,0.0682820255913044,0.0494304646304429
brk,gpr,0.0001,0,05-Nov-2020 13:26:11,1000,1000,12,e94b9ec,3e617f32,5dof,5dof,0,0.731880622688091,0.633002328994548,0.252294389881057,-0.00251921728229307,0.0939269815816352,-0.864081770618349,0.327686339705401,-0.370353990914772,0.731880622688091,0.633002328994548,0.252294389881057,-0.00251921728229307,0.0939269815816352,-0.864081770618349,0.327686339705401,-0.370353990914772,6.4480354665173,1.6922096275869,4.328309,1.769725,,fic,SquaredExponential,0.100762030944501,0.17020184283803,SigmaL,SigmaF,1.14494009461343,0.0599225583822014,21187,,0.0680516399539006,0.0492968003157147
brk,gpr,0.0001,0,05-Nov-2020 13:25:26,1000,1000,12,e94b9ec,abda2867,5dof,5dof,0,0.731880622688091,0.633002328994548,0.252294389881057,-0.00251921728229307,0.0939269815816352,-0.864081770618349,0.327686339705401,-0.370353990914772,0.731880622688091,0.633002328994548,0.252294389881057,-0.00251921728229307,0.0939269815816352,-0.864081770618349,0.327686339705401,-0.370353990914772,6.42800199977381,1.74996645523994,2.676073,1.230998,,fic,SquaredExponential,0.110114789123531,0.195082133158642,SigmaL,SigmaF,1.12929853833663,0.0531911897689305,80994,,0.0674922976568493,0.0466214736623268
brk,gpr,0.0001,0,05-Nov-2020 13:25:52,100,1000,12,e94b9ec,798d4186,5dof,5dof,0,0.731880622688091,0.633002328994548,0.252294389881057,-0.00251921728229307,0.0939269815816352,-0.864081770618349,0.327686339705401,-0.370353990914772,0.731880622688091,0.633002328994548,0.252294389881057,-0.00251921728229307,0.0939269815816352,-0.864081770618349,0.327686339705401,-0.370353990914772,10.5923852407965,2.73167743516416,1.808536,0.202599,,fic,SquaredExponential,0.0849645211256742,0.116007798514672,SigmaL,SigmaF,1.1714610740741,0.0133466080126432,90255,,0.116004910538147,0.0809684185861543
brk,gpr,0.0001,0,05-Nov-2020 13:26:11,100,1000,12,e94b9ec,2240c2a7,5dof,5dof,0,0.731880622688091,0.633002328994548,0.252294389881057,-0.00251921728229307,0.0939269815816352,-0.864081770618349,0.327686339705401,-0.370353990914772,0.731880622688091,0.633002328994548,0.252294389881057,-0.00251921728229307,0.0939269815816352,-0.864081770618349,0.327686339705401,-0.370353990914772,11.1367003220785,2.95233505669959,3.453405,0.308698,,fic,SquaredExponential,0.077958576568696,0.136940904124639,SigmaL,SigmaF,1.15757011520885,0.00128210412600697,96748,,0.110240409730144,0.0789024942653251
brk,gpr,0.0001,0,05-Nov-2020 13:25:38,100,1000,12,e94b9ec,a659b1bb,5dof,5dof,0,0.731880622688091,0.633002328994548,0.252294389881057,-0.00251921728229307,0.0939269815816352,-0.864081770618349,0.327686339705401,-0.370353990914772,0.731880622688091,0.633002328994548,0.252294389881057,-0.00251921728229307,0.0939269815816352,-0.864081770618349,0.327686339705401,-0.370353990914772,10.7216574696525,2.93892148322357,2.532334,0.126492,,fic,SquaredExponential,0.0620774323468429,0.0968486382853467,SigmaL,SigmaF,1.18205892979081,0.023900561400423,71838,,0.125717118958381,0.0841705820502345
brk,gpr,0.0001,0,05-Nov-2020 13:26:06,100,1000,12,e94b9ec,72f733cd,5dof,5dof,0,0.731880622688091,0.633002328994548,0.252294389881057,-0.00251921728229307,0.0939269815816352,-0.864081770618349,0.327686339705401,-0.370353990914772,0.731880622688091,0.633002328994548,0.252294389881057,-0.00251921728229307,0.0939269815816352,-0.864081770618349,0.327686339705401,-0.370353990914772,10.6704815365413,2.829370000977,3.496804,0.294274,,fic,SquaredExponential,0.0656942483394008,0.111313475752996,SigmaL,SigmaF,1.15583175757736,0.00107543856848024,1258,,0.102345114215906,0.0765807132156602
brk,gpr,0.0001,0,05-Nov-2020 13:25:28,100,1000,12,e94b9ec,a97b9790,5dof,5dof,0,0.731880622688091,0.633002328994548,0.252294389881057,-0.00251921728229307,0.0939269815816352,-0.864081770618349,0.327686339705401,-0.370353990914772,0.731880622688091,0.633002328994548,0.252294389881057,-0.00251921728229307,0.0939269815816352,-0.864081770618349,0.327686339705401,-0.370353990914772,10.4175284584088,3.3293957829898,5.032817,2.064265,,fic,SquaredExponential,0.0736452066758275,0.130207975867978,SigmaL,SigmaF,1.16206362535328,0.00123760638143878,18179,,0.120373209678126,0.0853665084130382
brk,gpr,0.0001,0,05-Nov-2020 13:25:50,100,1000,12,e94b9ec,10190389,5dof,5dof,0,0.731880622688091,0.633002328994548,0.252294389881057,-0.00251921728229307,0.0939269815816352,-0.864081770618349,0.327686339705401,-0.370353990914772,0.731880622688091,0.633002328994548,0.252294389881057,-0.00251921728229307,0.0939269815816352,-0.864081770618349,0.327686339705401,-0.370353990914772,10.6843650641004,3.19061014477088,4.460203,0.382402,,fic,SquaredExponential,0.0653028448585303,0.155157298945361,SigmaL,SigmaF,1.1685294664734,0.00152730678181288,71170,,0.126310035388835,0.0880353832189027
brk,gpr,0.0001,0,05-Nov-2020 13:25:33,100,1000,12,e94b9ec,8b31d795,5dof,5dof,0,0.731880622688091,0.633002328994548,0.252294389881057,-0.00251921728229307,0.0939269815816352,-0.864081770618349,0.327686339705401,-0.370353990914772,0.731880622688091,0.633002328994548,0.252294389881057,-0.00251921728229307,0.0939269815816352,-0.864081770618349,0.327686339705401,-0.370353990914772,10.7527703908297,2.82404020568176,4.379083,2.050459,,fic,SquaredExponential,0.06371924249494,0.0940450386728635,SigmaL,SigmaF,1.14747262107812,0.0816068238497698,74682,,0.119332671083638,0.093282471553725
brk,gpr,0.0001,0,05-Nov-2020 13:26:22,100,1000,12,e94b9ec,8128b018,5dof,5dof,0,0.731880622688091,0.633002328994548,0.252294389881057,-0.00251921728229307,0.0939269815816352,-0.864081770618349,0.327686339705401,-0.370353990914772,0.731880622688091,0.633002328994548,0.252294389881057,-0.00251921728229307,0.0939269815816352,-0.864081770618349,0.327686339705401,-0.370353990914772,10.8815641131619,2.83691380470914,2.923732,0.218022,,fic,SquaredExponential,0.0803602229781063,0.147159161741902,SigmaL,SigmaF,1.13258140260469,0.00145822093154259,51719,,0.107374278708406,0.0796392445204883
brk,gpr,0.0001,0,05-Nov-2020 13:26:29,100,1000,12,e94b9ec,5b55c3b7,5dof,5dof,0,0.731880622688091,0.633002328994548,0.252294389881057,-0.00251921728229307,0.0939269815816352,-0.864081770618349,0.327686339705401,-0.370353990914772,0.731880622688091,0.633002328994548,0.252294389881057,-0.00251921728229307,0.0939269815816352,-0.864081770618349,0.327686339705401,-0.370353990914772,10.6391185274586,2.45982064149317,4.374841,0.268227,,fic,SquaredExponential,0.0660677441289483,0.127355909369227,SigmaL,SigmaF,1.14913976275541,0.00126908630538617,92327,,0.116398199445355,0.0847262460705036
brk,gpr,0.0001,0,05-Nov-2020 13:26:12,100,1000,12,e94b9ec,7524ffc7,5dof,5dof,0,0.731880622688091,0.633002328994548,0.252294389881057,-0.00251921728229307,0.0939269815816352,-0.864081770618349,0.327686339705401,-0.370353990914772,0.731880622688091,0.633002328994548,0.252294389881057,-0.00251921728229307,0.0939269815816352,-0.864081770618349,0.327686339705401,-0.370353990914772,10.3415542216377,2.99146003572554,3.378002,0.26751,,fic,SquaredExponential,0.068947793442176,0.0992500688262856,SigmaL,SigmaF,1.1701771562941,0.0185939412717341,53985,,0.116058340886781,0.0843826821433355
brk,gpr,0.0001,0,05-Nov-2020 13:27:44,20000,1000,12,e94b9ec,da00278a,5dof,5dof,0,0.731880622688091,0.633002328994548,0.252294389881057,-0.00251921728229307,0.0939269815816352,-0.864081770618349,0.327686339705401,-0.370353990914772,0.731880622688091,0.633002328994548,0.252294389881057,-0.00251921728229307,0.0939269815816352,-0.864081770618349,0.327686339705401,-0.370353990914772,3.46197963958132,0.838498300476381,24.585547,5.619687,,fic,SquaredExponential,0.101391238417826,0.165663408887875,SigmaL,SigmaF,1.13400387622367,0.0540789137162465,31377,,0.0560159786314469,0.0390332066369942
brk,gpr,0.0001,0,05-Nov-2020 13:25:58,20000,1000,12,e94b9ec,ff098e63,5dof,5dof,0,0.731880622688091,0.633002328994548,0.252294389881057,-0.00251921728229307,0.0939269815816352,-0.864081770618349,0.327686339705401,-0.370353990914772,0.731880622688091,0.633002328994548,0.252294389881057,-0.00251921728229307,0.0939269815816352,-0.864081770618349,0.327686339705401,-0.370353990914772,3.44030649894135,0.847922035705202,26.05034,5.272249,,fic,SquaredExponential,0.104941234380777,0.181314594562043,SigmaL,SigmaF,1.11902591003092,0.0558508792157581,80697,,0.0541192010697197,0.0374970566294767
brk,gpr,0.0001,0,05-Nov-2020 13:25:57,20000,1000,12,e94b9ec,34ce4dc3,5dof,5dof,0,0.731880622688091,0.633002328994548,0.252294389881057,-0.00251921728229307,0.0939269815816352,-0.864081770618349,0.327686339705401,-0.370353990914772,0.731880622688091,0.633002328994548,0.252294389881057,-0.00251921728229307,0.0939269815816352,-0.864081770618349,0.327686339705401,-0.370353990914772,3.45108275703419,0.846797137056339,25.074153,5.897093,,fic,SquaredExponential,0.104685532923055,0.174634514564359,SigmaL,SigmaF,1.13638022952815,0.053646408814013,90946,,0.054138663780084,0.0373109375705551
brk,gpr,0.0001,0,05-Nov-2020 13:26:15,20000,1000,12,e94b9ec,0374d41c,5dof,5dof,0,0.731880622688091,0.633002328994548,0.252294389881057,-0.00251921728229307,0.0939269815816352,-0.864081770618349,0.327686339705401,-0.370353990914772,0.731880622688091,0.633002328994548,0.252294389881057,-0.00251921728229307,0.0939269815816352,-0.864081770618349,0.327686339705401,-0.370353990914772,3.45737079768224,0.854989437517094,29.471216,7.401794,,fic,SquaredExponential,0.102108088113652,0.170336971491521,SigmaL,SigmaF,1.12463512042797,0.053889788522339,10324,,0.0578106957109125,0.0399328331994462
brk,gpr,0.0001,0,05-Nov-2020 13:25:34,20000,1000,12,e94b9ec,c5ff8042,5dof,5dof,0,0.731880622688091,0.633002328994548,0.252294389881057,-0.00251921728229307,0.0939269815816352,-0.864081770618349,0.327686339705401,-0.370353990914772,0.731880622688091,0.633002328994548,0.252294389881057,-0.00251921728229307,0.0939269815816352,-0.864081770618349,0.327686339705401,-0.370353990914772,3.4671345487557,0.843861153585136,21.912442,5.485974,,fic,SquaredExponential,0.101224180864202,0.16733502799069,SigmaL,SigmaF,1.13816938843962,0.0513884467156389,50984,,0.0563438889957892,0.0394405937277026
brk,gpr,0.0001,0,05-Nov-2020 13:26:14,20000,1000,12,e94b9ec,3fbc6423,5dof,5dof,0,0.731880622688091,0.633002328994548,0.252294389881057,-0.00251921728229307,0.0939269815816352,-0.864081770618349,0.327686339705401,-0.370353990914772,0.731880622688091,0.633002328994548,0.252294389881057,-0.00251921728229307,0.0939269815816352,-0.864081770618349,0.327686339705401,-0.370353990914772,3.45400798153488,0.839054527407043,27.751283,6.065095,,fic,SquaredExponential,0.104543362410614,0.176535695681617,SigmaL,SigmaF,1.12168719865147,0.0542635040521027,62679,,0.0526703453792597,0.03743086002144
brk,gpr,0.0001,0,05-Nov-2020 13:28:24,20000,1000,12,e94b9ec,0be62eb8,5dof,5dof,0,0.731880622688091,0.633002328994548,0.252294389881057,-0.00251921728229307,0.0939269815816352,-0.864081770618349,0.327686339705401,-0.370353990914772,0.731880622688091,0.633002328994548,0.252294389881057,-0.00251921728229307,0.0939269815816352,-0.864081770618349,0.327686339705401,-0.370353990914772,3.4543276620954,0.84831477048097,25.369945,7.46402,,fic,SquaredExponential,0.104900245056469,0.169426895599352,SigmaL,SigmaF,1.14844254360735,0.0533869814540305,80240,,0.0532817497594222,0.0370609510782623
brk,gpr,0.0001,0,05-Nov-2020 13:27:42,20000,1000,12,e94b9ec,03c64152,5dof,5dof,0,0.731880622688091,0.633002328994548,0.252294389881057,-0.00251921728229307,0.0939269815816352,-0.864081770618349,0.327686339705401,-0.370353990914772,0.731880622688091,0.633002328994548,0.252294389881057,-0.00251921728229307,0.0939269815816352,-0.864081770618349,0.327686339705401,-0.370353990914772,3.46350951343597,0.846881573552417,23.636203,5.751868,,fic,SquaredExponential,0.103849891141227,0.165440975570777,SigmaL,SigmaF,1.13217005430606,0.0533673214967938,8001,,0.0547298388388782,0.0379187837390889
brk,gpr,0.0001,0,05-Nov-2020 13:27:23,20000,1000,12,e94b9ec,eed6d123,5dof,5dof,0,0.731880622688091,0.633002328994548,0.252294389881057,-0.00251921728229307,0.0939269815816352,-0.864081770618349,0.327686339705401,-0.370353990914772,0.731880622688091,0.633002328994548,0.252294389881057,-0.00251921728229307,0.0939269815816352,-0.864081770618349,0.327686339705401,-0.370353990914772,3.45493680678682,0.853194466792155,21.108297,5.243257,,fic,SquaredExponential,0.099294358880837,0.155415338491599,SigmaL,SigmaF,1.14831193729522,0.0591334033105395,92474,,0.0570870018663679,0.0381616907761254
brk,gpr,0.0001,0,05-Nov-2020 13:26:00,20000,1000,12,e94b9ec,2bdb12fa,5dof,5dof,0,0.731880622688091,0.633002328994548,0.252294389881057,-0.00251921728229307,0.0939269815816352,-0.864081770618349,0.327686339705401,-0.370353990914772,0.731880622688091,0.633002328994548,0.252294389881057,-0.00251921728229307,0.0939269815816352,-0.864081770618349,0.327686339705401,-0.370353990914772,3.46856568222643,0.842411875507153,27.371539,6.590927,,fic,SquaredExponential,0.101366694794314,0.157675514761809,SigmaL,SigmaF,1.14280118070751,0.0556641262320747,19918,,0.0552059628312353,0.0377652321706043
brk,gpr,0.0001,0,05-Nov-2020 13:26:46,2000,1000,12,e94b9ec,fa40c288,5dof,5dof,0,0.731880622688091,0.633002328994548,0.252294389881057,-0.00251921728229307,0.0939269815816352,-0.864081770618349,0.327686339705401,-0.370353990914772,0.731880622688091,0.633002328994548,0.252294389881057,-0.00251921728229307,0.0939269815816352,-0.864081770618349,0.327686339705401,-0.370353990914772,5.54568857223671,1.44236665916885,5.466634,8.474057,,fic,SquaredExponential,0.107326314208576,0.183041320811109,SigmaL,SigmaF,1.13376110557115,0.0534346743601017,89410,,0.0674994127675124,0.0455991223013708
brk,gpr,0.0001,0,05-Nov-2020 13:25:40,2000,1000,12,e94b9ec,157dd576,5dof,5dof,0,0.731880622688091,0.633002328994548,0.252294389881057,-0.00251921728229307,0.0939269815816352,-0.864081770618349,0.327686339705401,-0.370353990914772,0.731880622688091,0.633002328994548,0.252294389881057,-0.00251921728229307,0.0939269815816352,-0.864081770618349,0.327686339705401,-0.370353990914772,5.6100601206526,1.45327491386991,2.966808,6.194841,,fic,SquaredExponential,0.103859586182744,0.168405518060119,SigmaL,SigmaF,1.12753123416936,0.056650147299453,94449,,0.0671483688353864,0.046917534767607
brk,gpr,0.0001,0,05-Nov-2020 13:25:22,2000,1000,12,e94b9ec,b87faaa3,5dof,5dof,0,0.731880622688091,0.633002328994548,0.252294389881057,-0.00251921728229307,0.0939269815816352,-0.864081770618349,0.327686339705401,-0.370353990914772,0.731880622688091,0.633002328994548,0.252294389881057,-0.00251921728229307,0.0939269815816352,-0.864081770618349,0.327686339705401,-0.370353990914772,5.550213511324,1.45783010299773,3.078409,6.569615,,fic,SquaredExponential,0.103521436175863,0.15540065600456,SigmaL,SigmaF,1.15112386340628,0.054400433065359,4758,,0.0670201447831134,0.0469682808395256
brk,gpr,0.0001,0,05-Nov-2020 13:25:02,2000,1000,12,e94b9ec,75fea6fc,5dof,5dof,0,0.731880622688091,0.633002328994548,0.252294389881057,-0.00251921728229307,0.0939269815816352,-0.864081770618349,0.327686339705401,-0.370353990914772,0.731880622688091,0.633002328994548,0.252294389881057,-0.00251921728229307,0.0939269815816352,-0.864081770618349,0.327686339705401,-0.370353990914772,5.59977230585029,1.40694260550442,4.155467,3.239891,,fic,SquaredExponential,0.0994705841666927,0.168788295827446,SigmaL,SigmaF,1.13450769906385,0.0538577987526858,21585,,0.0630924175963744,0.0448709809488482
brk,gpr,0.0001,0,05-Nov-2020 13:25:58,2000,1000,12,e94b9ec,af5f37e3,5dof,5dof,0,0.731880622688091,0.633002328994548,0.252294389881057,-0.00251921728229307,0.0939269815816352,-0.864081770618349,0.327686339705401,-0.370353990914772,0.731880622688091,0.633002328994548,0.252294389881057,-0.00251921728229307,0.0939269815816352,-0.864081770618349,0.327686339705401,-0.370353990914772,5.57320867236841,1.41142388947893,3.207501,8.10341,,fic,SquaredExponential,0.106242872509796,0.184739619352888,SigmaL,SigmaF,1.14614931598508,0.0563724985860866,39379,,0.0617900739749048,0.0441147023903297
brk,gpr,0.0001,0,05-Nov-2020 13:25:52,2000,1000,12,e94b9ec,8b802fac,5dof,5dof,0,0.731880622688091,0.633002328994548,0.252294389881057,-0.00251921728229307,0.0939269815816352,-0.864081770618349,0.327686339705401,-0.370353990914772,0.731880622688091,0.633002328994548,0.252294389881057,-0.00251921728229307,0.0939269815816352,-0.864081770618349,0.327686339705401,-0.370353990914772,5.60899874223995,1.40806842157891,4.292432,7.764307,,fic,SquaredExponential,0.105237261681974,0.186903138768333,SigmaL,SigmaF,1.12672540717133,0.0542431049285837,79234,,0.06572079381385,0.0457104409667064
brk,gpr,0.0001,0,05-Nov-2020 13:25:00,2000,1000,12,e94b9ec,adf3b0a5,5dof,5dof,0,0.731880622688091,0.633002328994548,0.252294389881057,-0.00251921728229307,0.0939269815816352,-0.864081770618349,0.327686339705401,-0.370353990914772,0.731880622688091,0.633002328994548,0.252294389881057,-0.00251921728229307,0.0939269815816352,-0.864081770618349,0.327686339705401,-0.370353990914772,5.58637643144119,1.40608174452805,3.846662,7.93642,,fic,SquaredExponential,0.105330919387985,0.19492732145205,SigmaL,SigmaF,1.14023903666037,0.0538560995081313,18201,,0.0678352273383952,0.0472186730627334
brk,gpr,0.0001,0,05-Nov-2020 13:25:38,2000,1000,12,e94b9ec,b92435e5,5dof,5dof,0,0.731880622688091,0.633002328994548,0.252294389881057,-0.00251921728229307,0.0939269815816352,-0.864081770618349,0.327686339705401,-0.370353990914772,0.731880622688091,0.633002328994548,0.252294389881057,-0.00251921728229307,0.0939269815816352,-0.864081770618349,0.327686339705401,-0.370353990914772,5.59918544957163,1.39949233635757,3.580452,2.01174,,fic,SquaredExponential,0.0963304107137348,0.154097222736995,SigmaL,SigmaF,1.14861636236151,0.0558840352645922,95604,,0.0620963447180837,0.0447057677583209
brk,gpr,0.0001,0,05-Nov-2020 13:26:35,2000,1000,12,e94b9ec,929eee77,5dof,5dof,0,0.731880622688091,0.633002328994548,0.252294389881057,-0.00251921728229307,0.0939269815816352,-0.864081770618349,0.327686339705401,-0.370353990914772,0.731880622688091,0.633002328994548,0.252294389881057,-0.00251921728229307,0.0939269815816352,-0.864081770618349,0.327686339705401,-0.370353990914772,5.59744817917406,1.38322461178215,4.48199,6.321656,,fic,SquaredExponential,0.106357182851206,0.196932576736528,SigmaL,SigmaF,1.12358119563441,0.0553491754992124,89000,,0.0627311805152033,0.0448574586185538
brk,gpr,0.0001,0,05-Nov-2020 13:25:25,2000,1000,12,e94b9ec,88151b83,5dof,5dof,0,0.731880622688091,0.633002328994548,0.252294389881057,-0.00251921728229307,0.0939269815816352,-0.864081770618349,0.327686339705401,-0.370353990914772,0.731880622688091,0.633002328994548,0.252294389881057,-0.00251921728229307,0.0939269815816352,-0.864081770618349,0.327686339705401,-0.370353990914772,5.64010480989796,1.43496255099624,3.309047,6.211548,,fic,SquaredExponential,0.109031433733214,0.195819232765508,SigmaL,SigmaF,1.10621102072992,0.0548307208730429,21553,,0.061858918694607,0.0441071513503965
brk,gpr,0.0001,0,05-Nov-2020 13:26:56,388,1000,12,e94b9ec,a3c5f2ba,5dof,5dof,0,0.731880622688091,0.633002328994548,0.252294389881057,-0.00251921728229307,0.0939269815816352,-0.864081770618349,0.327686339705401,-0.370353990914772,0.731880622688091,0.633002328994548,0.252294389881057,-0.00251921728229307,0.0939269815816352,-0.864081770618349,0.327686339705401,-0.370353990914772,8.03541713174722,2.12184490017612,3.72101,0.33703,,fic,SquaredExponential,0.0851642757227135,0.133564241611237,SigmaL,SigmaF,1.16130659417108,0.0546939252205958,52987,,0.086156369241751,0.0590344215444959
brk,gpr,0.0001,0,05-Nov-2020 13:26:46,388,1000,12,e94b9ec,248e091d,5dof,5dof,0,0.731880622688091,0.633002328994548,0.252294389881057,-0.00251921728229307,0.0939269815816352,-0.864081770618349,0.327686339705401,-0.370353990914772,0.731880622688091,0.633002328994548,0.252294389881057,-0.00251921728229307,0.0939269815816352,-0.864081770618349,0.327686339705401,-0.370353990914772,7.87695351026961,2.11473151234563,3.486534,0.715737,,fic,SquaredExponential,0.0875251129590909,0.118628250873868,SigmaL,SigmaF,1.15594901858388,0.0552538104574018,15017,,0.095572438037669,0.0661897625377249
brk,gpr,0.0001,0,05-Nov-2020 13:25:00,388,1000,12,e94b9ec,79378294,5dof,5dof,0,0.731880622688091,0.633002328994548,0.252294389881057,-0.00251921728229307,0.0939269815816352,-0.864081770618349,0.327686339705401,-0.370353990914772,0.731880622688091,0.633002328994548,0.252294389881057,-0.00251921728229307,0.0939269815816352,-0.864081770618349,0.327686339705401,-0.370353990914772,7.95539554844168,2.12713210413903,2.988757,0.823854,,fic,SquaredExponential,0.0880743636648339,0.123277755834216,SigmaL,SigmaF,1.15628392274447,0.0542960642386842,89646,,0.0854063804384409,0.0625261035532371
brk,gpr,0.0001,0,05-Nov-2020 13:25:36,388,1000,12,e94b9ec,538b394a,5dof,5dof,0,0.731880622688091,0.633002328994548,0.252294389881057,-0.00251921728229307,0.0939269815816352,-0.864081770618349,0.327686339705401,-0.370353990914772,0.731880622688091,0.633002328994548,0.252294389881057,-0.00251921728229307,0.0939269815816352,-0.864081770618349,0.327686339705401,-0.370353990914772,7.90456747583914,2.09317215446299,4.273885,2.271841,,fic,SquaredExponential,0.0883179960501363,0.145238880691038,SigmaL,SigmaF,1.14820215816805,0.046966216981413,68146,,0.0831465527249243,0.0605539879842729
brk,gpr,0.0001,0,05-Nov-2020 13:26:04,388,1000,12,e94b9ec,d892daad,5dof,5dof,0,0.731880622688091,0.633002328994548,0.252294389881057,-0.00251921728229307,0.0939269815816352,-0.864081770618349,0.327686339705401,-0.370353990914772,0.731880622688091,0.633002328994548,0.252294389881057,-0.00251921728229307,0.0939269815816352,-0.864081770618349,0.327686339705401,-0.370353990914772,7.88606423423111,2.13635116092072,2.490334,0.133411,,fic,SquaredExponential,0.0928633111085021,0.146742743726514,SigmaL,SigmaF,1.14148401067062,0.0476437392714244,31234,,0.0838121736486943,0.0604080116451817
brk,gpr,0.0001,0,05-Nov-2020 13:26:38,388,1000,12,e94b9ec,085ad9a9,5dof,5dof,0,0.731880622688091,0.633002328994548,0.252294389881057,-0.00251921728229307,0.0939269815816352,-0.864081770618349,0.327686339705401,-0.370353990914772,0.731880622688091,0.633002328994548,0.252294389881057,-0.00251921728229307,0.0939269815816352,-0.864081770618349,0.327686339705401,-0.370353990914772,7.93041311426318,1.96647821537301,3.698177,0.767665,,fic,SquaredExponential,0.101077833501878,0.147741002587053,SigmaL,SigmaF,1.13720377448115,0.0543127274858278,60518,,0.0814880570800436,0.058621402881379
brk,gpr,0.0001,0,05-Nov-2020 13:25:54,388,1000,12,e94b9ec,afb3e5af,5dof,5dof,0,0.731880622688091,0.633002328994548,0.252294389881057,-0.00251921728229307,0.0939269815816352,-0.864081770618349,0.327686339705401,-0.370353990914772,0.731880622688091,0.633002328994548,0.252294389881057,-0.00251921728229307,0.0939269815816352,-0.864081770618349,0.327686339705401,-0.370353990914772,8.003954166763,2.07643996742834,3.519442,0.510222,,fic,SquaredExponential,0.0844063466269282,0.12240268889098,SigmaL,SigmaF,1.16660490053296,0.0561911179094861,86612,,0.0891041442464468,0.0646002792757569
brk,gpr,0.0001,0,05-Nov-2020 13:25:35,388,1000,12,e94b9ec,e89ad520,5dof,5dof,0,0.731880622688091,0.633002328994548,0.252294389881057,-0.00251921728229307,0.0939269815816352,-0.864081770618349,0.327686339705401,-0.370353990914772,0.731880622688091,0.633002328994548,0.252294389881057,-0.00251921728229307,0.0939269815816352,-0.864081770618349,0.327686339705401,-0.370353990914772,7.84619949215977,1.94133389393212,4.467211,2.31177,,fic,SquaredExponential,0.0849200580888232,0.132149396524153,SigmaL,SigmaF,1.16005087705421,0.0554047408192265,44562,,0.0896041596231442,0.0634824477552632
brk,gpr,0.0001,0,05-Nov-2020 13:26:04,388,1000,12,e94b9ec,192b90fa,5dof,5dof,0,0.731880622688091,0.633002328994548,0.252294389881057,-0.00251921728229307,0.0939269815816352,-0.864081770618349,0.327686339705401,-0.370353990914772,0.731880622688091,0.633002328994548,0.252294389881057,-0.00251921728229307,0.0939269815816352,-0.864081770618349,0.327686339705401,-0.370353990914772,7.9085692945366,1.94424214678555,2.687476,0.391999,,fic,SquaredExponential,0.0870332439451614,0.143458047297356,SigmaL,SigmaF,1.13931793063062,0.0530116796573611,14069,,0.0876329316117392,0.0605493915694156
brk,gpr,0.0001,0,05-Nov-2020 13:25:14,388,1000,12,e94b9ec,09f99e2c,5dof,5dof,0,0.731880622688091,0.633002328994548,0.252294389881057,-0.00251921728229307,0.0939269815816352,-0.864081770618349,0.327686339705401,-0.370353990914772,0.731880622688091,0.633002328994548,0.252294389881057,-0.00251921728229307,0.0939269815816352,-0.864081770618349,0.327686339705401,-0.370353990914772,7.87777209273945,2.15384696064097,2.662172,0.228004,,fic,SquaredExponential,0.0836642685055087,0.126067922560757,SigmaL,SigmaF,1.15657004551094,0.0543038748353646,31746,,0.088756251249918,0.0642509754668326
brk,gpr,0.0001,0,05-Nov-2020 13:26:56,50000,1000,12,e94b9ec,4d6758ba,5dof,5dof,0,0.731880622688091,0.633002328994548,0.252294389881057,-0.00251921728229307,0.0939269815816352,-0.864081770618349,0.327686339705401,-0.370353990914772,0.731880622688091,0.633002328994548,0.252294389881057,-0.00251921728229307,0.0939269815816352,-0.864081770618349,0.327686339705401,-0.370353990914772,2.86404449940609,0.693457210235872,62.305806,9.159697,,fic,SquaredExponential,0.106024926689228,0.181657821991684,SigmaL,SigmaF,1.14187171576136,0.0606153938188512,67206,,0.0534287501026062,0.0381709615608864
brk,gpr,0.0001,0,05-Nov-2020 13:26:33,50000,1000,12,e94b9ec,b41e8351,5dof,5dof,0,0.731880622688091,0.633002328994548,0.252294389881057,-0.00251921728229307,0.0939269815816352,-0.864081770618349,0.327686339705401,-0.370353990914772,0.731880622688091,0.633002328994548,0.252294389881057,-0.00251921728229307,0.0939269815816352,-0.864081770618349,0.327686339705401,-0.370353990914772,2.85800448577176,0.698129660003625,51.502167,12.472435,,fic,SquaredExponential,0.100389537931113,0.16568242345578,SigmaL,SigmaF,1.14863396962811,0.058047826021501,37008,,0.0528746615741307,0.0375582861703797
brk,gpr,0.0001,0,05-Nov-2020 13:26:59,50000,1000,12,e94b9ec,ab3fa9f4,5dof,5dof,0,0.731880622688091,0.633002328994548,0.252294389881057,-0.00251921728229307,0.0939269815816352,-0.864081770618349,0.327686339705401,-0.370353990914772,0.731880622688091,0.633002328994548,0.252294389881057,-0.00251921728229307,0.0939269815816352,-0.864081770618349,0.327686339705401,-0.370353990914772,2.8495665940387,0.697820936649553,64.342004,9.827558,,fic,SquaredExponential,0.098637298110312,0.161771060442009,SigmaL,SigmaF,1.14676997652213,0.0583634114103213,87818,,0.052521976229136,0.0373741202366328
brk,gpr,0.0001,0,05-Nov-2020 13:26:52,50000,1000,12,e94b9ec,900fb070,5dof,5dof,0,0.731880622688091,0.633002328994548,0.252294389881057,-0.00251921728229307,0.0939269815816352,-0.864081770618349,0.327686339705401,-0.370353990914772,0.731880622688091,0.633002328994548,0.252294389881057,-0.00251921728229307,0.0939269815816352,-0.864081770618349,0.327686339705401,-0.370353990914772,2.85671697902443,0.698844709660794,59.29825,8.523222,,fic,SquaredExponential,0.103238272614415,0.17268201428491,SigmaL,SigmaF,1.12599354052429,0.0531209655408319,74689,,0.0527220011773826,0.0359855046503789
brk,gpr,0.0001,0,05-Nov-2020 13:26:57,50000,1000,12,e94b9ec,77ba7b1f,5dof,5dof,0,0.731880622688091,0.633002328994548,0.252294389881057,-0.00251921728229307,0.0939269815816352,-0.864081770618349,0.327686339705401,-0.370353990914772,0.731880622688091,0.633002328994548,0.252294389881057,-0.00251921728229307,0.0939269815816352,-0.864081770618349,0.327686339705401,-0.370353990914772,2.86062598147987,0.693931604634976,60.866073,8.921935,,fic,SquaredExponential,0.107433607059296,0.17725234527681,SigmaL,SigmaF,1.13016563811553,0.0574032671280204,99265,,0.0536827977469603,0.037807475529688
brk,gpr,0.0001,0,05-Nov-2020 13:28:15,50000,1000,12,e94b9ec,dbb6758f,5dof,5dof,0,0.731880622688091,0.633002328994548,0.252294389881057,-0.00251921728229307,0.0939269815816352,-0.864081770618349,0.327686339705401,-0.370353990914772,0.731880622688091,0.633002328994548,0.252294389881057,-0.00251921728229307,0.0939269815816352,-0.864081770618349,0.327686339705401,-0.370353990914772,2.85742045823572,0.68970931586407,44.605438,9.936144,,fic,SquaredExponential,0.104059566399522,0.174570524778883,SigmaL,SigmaF,1.14387171415084,0.0524877753499784,99530,,0.0549066886512184,0.0386282328607248
brk,gpr,0.0001,0,05-Nov-2020 13:28:34,50000,1000,12,e94b9ec,4e534422,5dof,5dof,0,0.731880622688091,0.633002328994548,0.252294389881057,-0.00251921728229307,0.0939269815816352,-0.864081770618349,0.327686339705401,-0.370353990914772,0.731880622688091,0.633002328994548,0.252294389881057,-0.00251921728229307,0.0939269815816352,-0.864081770618349,0.327686339705401,-0.370353990914772,2.85690207879722,0.698714211786966,38.031962,16.077786,,fic,SquaredExponential,0.100099330939495,0.154356342334203,SigmaL,SigmaF,1.14673262707494,0.0545291909966773,20325,,0.0556595708569717,0.0378078469431312
brk,gpr,0.0001,0,05-Nov-2020 13:28:01,50000,1000,12,e94b9ec,b74d2db8,5dof,5dof,0,0.731880622688091,0.633002328994548,0.252294389881057,-0.00251921728229307,0.0939269815816352,-0.864081770618349,0.327686339705401,-0.370353990914772,0.731880622688091,0.633002328994548,0.252294389881057,-0.00251921728229307,0.0939269815816352,-0.864081770618349,0.327686339705401,-0.370353990914772,2.85670541276624,0.690742359333926,46.668082,10.642136,,fic,SquaredExponential,0.102245668665303,0.167510521426477,SigmaL,SigmaF,1.14613442714366,0.0556198938414851,33187,,0.0516917524510866,0.035151275001368
brk,gpr,0.0001,0,05-Nov-2020 13:28:41,50000,1000,12,e94b9ec,ec9033ac,5dof,5dof,0,0.731880622688091,0.633002328994548,0.252294389881057,-0.00251921728229307,0.0939269815816352,-0.864081770618349,0.327686339705401,-0.370353990914772,0.731880622688091,0.633002328994548,0.252294389881057,-0.00251921728229307,0.0939269815816352,-0.864081770618349,0.327686339705401,-0.370353990914772,2.86087307766327,0.697639568898771,44.799572,7.66376,,fic,SquaredExponential,0.10731145312973,0.197465069929034,SigmaL,SigmaF,1.13213932701243,0.0575485748312838,95914,,0.0543184425042232,0.0378716478940521
brk,gpr,0.0001,0,05-Nov-2020 13:26:36,50000,1000,12,e94b9ec,d4c25399,5dof,5dof,0,0.731880622688091,0.633002328994548,0.252294389881057,-0.00251921728229307,0.0939269815816352,-0.864081770618349,0.327686339705401,-0.370353990914772,0.731880622688091,0.633002328994548,0.252294389881057,-0.00251921728229307,0.0939269815816352,-0.864081770618349,0.327686339705401,-0.370353990914772,2.8566276898225,0.692783808056517,53.54142,8.9837,,fic,SquaredExponential,0.101504759365488,0.175901957619971,SigmaL,SigmaF,1.15030877764432,0.0566159746003742,36477,,0.053575820178293,0.0371810790327483
brk,gpr,0.0001,0,05-Nov-2020 13:25:05,5000,1000,12,e94b9ec,d490ee4a,5dof,5dof,0,0.731880622688091,0.633002328994548,0.252294389881057,-0.00251921728229307,0.0939269815816352,-0.864081770618349,0.327686339705401,-0.370353990914772,0.731880622688091,0.633002328994548,0.252294389881057,-0.00251921728229307,0.0939269815816352,-0.864081770618349,0.327686339705401,-0.370353990914772,4.62086629521619,1.16118989748143,6.31676,6.451875,,fic,SquaredExponential,0.0989309921029745,0.182164914462635,SigmaL,SigmaF,1.11197469947484,0.0470914000762296,13924,,0.0555090840149801,0.0393882309406444
brk,gpr,0.0001,0,05-Nov-2020 13:25:04,5000,1000,12,e94b9ec,e9f77fba,5dof,5dof,0,0.731880622688091,0.633002328994548,0.252294389881057,-0.00251921728229307,0.0939269815816352,-0.864081770618349,0.327686339705401,-0.370353990914772,0.731880622688091,0.633002328994548,0.252294389881057,-0.00251921728229307,0.0939269815816352,-0.864081770618349,0.327686339705401,-0.370353990914772,4.58991597030002,1.1769157821804,6.223567,8.474388,,fic,SquaredExponential,0.109523029890408,0.195755361712079,SigmaL,SigmaF,1.13163534751,0.0527099795072278,5326,,0.0599253752497017,0.0427010369630841
brk,gpr,0.0001,0,05-Nov-2020 13:26:14,5000,1000,12,e94b9ec,99e89895,5dof,5dof,0,0.731880622688091,0.633002328994548,0.252294389881057,-0.00251921728229307,0.0939269815816352,-0.864081770618349,0.327686339705401,-0.370353990914772,0.731880622688091,0.633002328994548,0.252294389881057,-0.00251921728229307,0.0939269815816352,-0.864081770618349,0.327686339705401,-0.370353990914772,4.61199856544984,1.14097237403757,4.954494,7.39922,,fic,SquaredExponential,0.10796626471251,0.189086486649818,SigmaL,SigmaF,1.11602881936476,0.0546834675264366,38419,,0.060763603327836,0.0413280845336965
brk,gpr,0.0001,0,05-Nov-2020 13:26:23,5000,1000,12,e94b9ec,56d0aa94,5dof,5dof,0,0.731880622688091,0.633002328994548,0.252294389881057,-0.00251921728229307,0.0939269815816352,-0.864081770618349,0.327686339705401,-0.370353990914772,0.731880622688091,0.633002328994548,0.252294389881057,-0.00251921728229307,0.0939269815816352,-0.864081770618349,0.327686339705401,-0.370353990914772,4.65503023794668,1.137423086489,6.048528,7.737489,,fic,SquaredExponential,0.108917489771883,0.193273440436126,SigmaL,SigmaF,1.13590078321471,0.0541207429969986,74406,,0.0573912140308521,0.0408213698651232
brk,gpr,0.0001,0,05-Nov-2020 13:27:23,5000,1000,12,e94b9ec,7f6b1312,5dof,5dof,0,0.731880622688091,0.633002328994548,0.252294389881057,-0.00251921728229307,0.0939269815816352,-0.864081770618349,0.327686339705401,-0.370353990914772,0.731880622688091,0.633002328994548,0.252294389881057,-0.00251921728229307,0.0939269815816352,-0.864081770618349,0.327686339705401,-0.370353990914772,4.6062170193466,1.16599291904567,11.714412,7.839497,,fic,SquaredExponential,0.10296216075044,0.181018209119459,SigmaL,SigmaF,1.14312167089622,0.0533722400494269,59803,,0.0615816238350721,0.0425153828335404
brk,gpr,0.0001,0,05-Nov-2020 13:25:30,5000,1000,12,e94b9ec,f351f314,5dof,5dof,0,0.731880622688091,0.633002328994548,0.252294389881057,-0.00251921728229307,0.0939269815816352,-0.864081770618349,0.327686339705401,-0.370353990914772,0.731880622688091,0.633002328994548,0.252294389881057,-0.00251921728229307,0.0939269815816352,-0.864081770618349,0.327686339705401,-0.370353990914772,4.63653185225224,1.15384546053231,5.484497,8.308521,,fic,SquaredExponential,0.10469796476563,0.181945148325815,SigmaL,SigmaF,1.12343209988172,0.0535644416358861,42289,,0.0581699789405169,0.0417834536422229
brk,gpr,0.0001,0,05-Nov-2020 13:25:23,5000,1000,12,e94b9ec,20c1a6df,5dof,5dof,0,0.731880622688091,0.633002328994548,0.252294389881057,-0.00251921728229307,0.0939269815816352,-0.864081770618349,0.327686339705401,-0.370353990914772,0.731880622688091,0.633002328994548,0.252294389881057,-0.00251921728229307,0.0939269815816352,-0.864081770618349,0.327686339705401,-0.370353990914772,4.64496886082508,1.12671067762958,5.941807,2.504239,,fic,SquaredExponential,0.109164559006612,0.209692826626057,SigmaL,SigmaF,1.10461809671466,0.0597373987513503,62814,,0.0583465757533493,0.0412277349019443
brk,gpr,0.0001,0,05-Nov-2020 13:26:18,5000,1000,12,e94b9ec,017fabb3,5dof,5dof,0,0.731880622688091,0.633002328994548,0.252294389881057,-0.00251921728229307,0.0939269815816352,-0.864081770618349,0.327686339705401,-0.370353990914772,0.731880622688091,0.633002328994548,0.252294389881057,-0.00251921728229307,0.0939269815816352,-0.864081770618349,0.327686339705401,-0.370353990914772,4.60364402612945,1.16022961090029,5.839279,2.526233,,fic,SquaredExponential,0.100536372745093,0.167250573483798,SigmaL,SigmaF,1.14174285482217,0.0568751104184706,43832,,0.0543541386813514,0.0395811627513585
brk,gpr,0.0001,0,05-Nov-2020 13:25:50,5000,1000,12,e94b9ec,0569b7c3,5dof,5dof,0,0.731880622688091,0.633002328994548,0.252294389881057,-0.00251921728229307,0.0939269815816352,-0.864081770618349,0.327686339705401,-0.370353990914772,0.731880622688091,0.633002328994548,0.252294389881057,-0.00251921728229307,0.0939269815816352,-0.864081770618349,0.327686339705401,-0.370353990914772,4.617198107361,1.17571288478194,7.426086,6.709364,,fic,SquaredExponential,0.107347573440251,0.1815073176933,SigmaL,SigmaF,1.12809696547149,0.0551773452832176,42472,,0.0556082736316443,0.0399600557776986
brk,gpr,0.0001,0,05-Nov-2020 13:25:59,5000,1000,12,e94b9ec,ee6da911,5dof,5dof,0,0.731880622688091,0.633002328994548,0.252294389881057,-0.00251921728229307,0.0939269815816352,-0.864081770618349,0.327686339705401,-0.370353990914772,0.731880622688091,0.633002328994548,0.252294389881057,-0.00251921728229307,0.0939269815816352,-0.864081770618349,0.327686339705401,-0.370353990914772,4.60083051125232,1.17669330154589,6.995363,2.730756,,fic,SquaredExponential,0.103847276836379,0.176011906811685,SigmaL,SigmaF,1.12588506098634,0.0539612376713268,67497,,0.0596607213696138,0.0414185219032883
brk,gpr,0.0001,0,05-Nov-2020 13:26:15,500,1000,12,e94b9ec,bba0b427,5dof,5dof,0,0.731880622688091,0.633002328994548,0.252294389881057,-0.00251921728229307,0.0939269815816352,-0.864081770618349,0.327686339705401,-0.370353990914772,0.731880622688091,0.633002328994548,0.252294389881057,-0.00251921728229307,0.0939269815816352,-0.864081770618349,0.327686339705401,-0.370353990914772,7.52258102866966,1.96243752531434,3.735726,0.427248,,fic,SquaredExponential,0.0981446451602162,0.153104955627735,SigmaL,SigmaF,1.14327501045318,0.0562111063046146,35729,,0.0837115173390846,0.0581198214833007
brk,gpr,0.0001,0,05-Nov-2020 13:25:56,500,1000,12,e94b9ec,d9e65359,5dof,5dof,0,0.731880622688091,0.633002328994548,0.252294389881057,-0.00251921728229307,0.0939269815816352,-0.864081770618349,0.327686339705401,-0.370353990914772,0.731880622688091,0.633002328994548,0.252294389881057,-0.00251921728229307,0.0939269815816352,-0.864081770618349,0.327686339705401,-0.370353990914772,7.5934701127046,1.93042688636204,4.109893,0.878137,,fic,SquaredExponential,0.0904939716706278,0.145740898985707,SigmaL,SigmaF,1.16161763393713,0.0445099812376556,58936,,0.0835502177613538,0.0598407944943181
brk,gpr,0.0001,0,05-Nov-2020 13:26:32,500,1000,12,e94b9ec,944f4bd6,5dof,5dof,0,0.731880622688091,0.633002328994548,0.252294389881057,-0.00251921728229307,0.0939269815816352,-0.864081770618349,0.327686339705401,-0.370353990914772,0.731880622688091,0.633002328994548,0.252294389881057,-0.00251921728229307,0.0939269815816352,-0.864081770618349,0.327686339705401,-0.370353990914772,7.77926021682847,1.8598576690586,3.71059,0.41898,,fic,SquaredExponential,0.101978243911514,0.160279277987792,SigmaL,SigmaF,1.14154204573744,0.0551245128351842,91343,,0.0785285325746205,0.0557309740789872
brk,gpr,0.0001,0,05-Nov-2020 13:27:05,500,1000,12,e94b9ec,2f29fae1,5dof,5dof,0,0.731880622688091,0.633002328994548,0.252294389881057,-0.00251921728229307,0.0939269815816352,-0.864081770618349,0.327686339705401,-0.370353990914772,0.731880622688091,0.633002328994548,0.252294389881057,-0.00251921728229307,0.0939269815816352,-0.864081770618349,0.327686339705401,-0.370353990914772,7.49225036742396,1.84233524874163,3.369982,0.29456,,fic,SquaredExponential,0.105951558318762,0.157795988456872,SigmaL,SigmaF,1.13393603191659,0.0557153582940497,48935,,0.0819245935771324,0.0569505859167259
brk,gpr,0.0001,0,05-Nov-2020 13:27:02,500,1000,12,e94b9ec,0db18b3e,5dof,5dof,0,0.731880622688091,0.633002328994548,0.252294389881057,-0.00251921728229307,0.0939269815816352,-0.864081770618349,0.327686339705401,-0.370353990914772,0.731880622688091,0.633002328994548,0.252294389881057,-0.00251921728229307,0.0939269815816352,-0.864081770618349,0.327686339705401,-0.370353990914772,7.52059410876043,1.90618097706367,3.348685,0.30789,,fic,SquaredExponential,0.0903155392032288,0.133194657672607,SigmaL,SigmaF,1.16617550483243,0.0525296196289469,5372,,0.0795609995210782,0.056663623875519
brk,gpr,0.0001,0,05-Nov-2020 13:26:27,500,1000,12,e94b9ec,279b54a4,5dof,5dof,0,0.731880622688091,0.633002328994548,0.252294389881057,-0.00251921728229307,0.0939269815816352,-0.864081770618349,0.327686339705401,-0.370353990914772,0.731880622688091,0.633002328994548,0.252294389881057,-0.00251921728229307,0.0939269815816352,-0.864081770618349,0.327686339705401,-0.370353990914772,7.48551676901137,2.11524628947743,3.738653,0.594739,,fic,SquaredExponential,0.097885155395111,0.147864800384631,SigmaL,SigmaF,1.14811438109747,0.0495786527276412,25594,,0.0840260429881696,0.0571570345213432
brk,gpr,0.0001,0,05-Nov-2020 13:25:56,500,1000,12,e94b9ec,196f90f8,5dof,5dof,0,0.731880622688091,0.633002328994548,0.252294389881057,-0.00251921728229307,0.0939269815816352,-0.864081770618349,0.327686339705401,-0.370353990914772,0.731880622688091,0.633002328994548,0.252294389881057,-0.00251921728229307,0.0939269815816352,-0.864081770618349,0.327686339705401,-0.370353990914772,7.58892616977025,1.9769247800722,3.565255,0.714951,,fic,SquaredExponential,0.0903973895546698,0.155566158037053,SigmaL,SigmaF,1.14880828083477,0.0560090132298025,71374,,0.0855808674874893,0.0608551120783963
brk,gpr,0.0001,0,05-Nov-2020 13:26:30,500,1000,12,e94b9ec,74660e7c,5dof,5dof,0,0.731880622688091,0.633002328994548,0.252294389881057,-0.00251921728229307,0.0939269815816352,-0.864081770618349,0.327686339705401,-0.370353990914772,0.731880622688091,0.633002328994548,0.252294389881057,-0.00251921728229307,0.0939269815816352,-0.864081770618349,0.327686339705401,-0.370353990914772,7.38567385013919,2.04056035134467,4.440863,0.353208,,fic,SquaredExponential,0.0889521055370505,0.140344802573467,SigmaL,SigmaF,1.15085839148228,0.0497137835468128,30590,,0.0825289588953633,0.0587126868016936
brk,gpr,0.0001,0,05-Nov-2020 13:25:51,500,1000,12,e94b9ec,86230c64,5dof,5dof,0,0.731880622688091,0.633002328994548,0.252294389881057,-0.00251921728229307,0.0939269815816352,-0.864081770618349,0.327686339705401,-0.370353990914772,0.731880622688091,0.633002328994548,0.252294389881057,-0.00251921728229307,0.0939269815816352,-0.864081770618349,0.327686339705401,-0.370353990914772,7.62591764365964,1.92384873560901,3.646112,0.244603,,fic,SquaredExponential,0.096549661503976,0.14774952913,SigmaL,SigmaF,1.12844782184262,0.0676333274830901,20726,,0.0826190501206583,0.0576423210108179
brk,gpr,0.0001,0,05-Nov-2020 13:26:17,500,1000,12,e94b9ec,a1c36e7b,5dof,5dof,0,0.731880622688091,0.633002328994548,0.252294389881057,-0.00251921728229307,0.0939269815816352,-0.864081770618349,0.327686339705401,-0.370353990914772,0.731880622688091,0.633002328994548,0.252294389881057,-0.00251921728229307,0.0939269815816352,-0.864081770618349,0.327686339705401,-0.370353990914772,7.36693877670451,1.95373087007129,2.541995,0.268834,,fic,SquaredExponential,0.0849551608537277,0.145550691370381,SigmaL,SigmaF,1.14741352481315,0.055646903753271,63829,,0.0916052745661775,0.0640674438991275
