brkQ,method,projtol,zeroQ,starttime,nmeshpts,ndatapts,ncores,gitcommit,uuid,predinput,queryinput,projQ,runtime,parity,genseed,errmetrics,rmse,mae,PredictMethod,barytol,int_fraction,inttol,nints,nnMax,nn_mae,nn_rmse,numnonints,barytype,barypars
1,avg,0.0001,0,15-Oct-2020 16:36:20,10000,10000,12,ff65e3f,6eb07e6b,5dof,5dof,1,0.00173,,1129587018,,0.123851785852992,0.0936937553881184,,NaN,NaN,NaN,NaN,NaN,NaN,NaN,NaN,,
1,avg,0.0001,0,15-Oct-2020 16:44:26,10000,10000,12,ff65e3f,e3844b68,5dof,5dof,1,0.000734,,1129634998,,0.123851785852992,0.0936937553881184,,NaN,NaN,NaN,NaN,NaN,NaN,NaN,NaN,,
1,avg,0.0001,0,15-Oct-2020 16:39:26,10000,10000,12,ff65e3f,3836e2fe,5dof,5dof,1,0.002017,,1129605648,,0.123851785852992,0.0936937553881184,,NaN,NaN,NaN,NaN,NaN,NaN,NaN,NaN,,
1,avg,0.0001,0,15-Oct-2020 16:38:50,10000,10000,12,ff65e3f,c836eaf8,5dof,5dof,1,0.003641,,1129601400,,0.123851785852992,0.0936937553881184,,NaN,NaN,NaN,NaN,NaN,NaN,NaN,NaN,,
1,avg,0.0001,0,15-Oct-2020 16:40:27,10000,10000,12,ff65e3f,9d95daa8,5dof,5dof,1,0.001045,,1129611734,,0.123851785852992,0.0936937553881184,,NaN,NaN,NaN,NaN,NaN,NaN,NaN,NaN,,
1,avg,0.0001,0,15-Oct-2020 16:40:09,10000,10000,12,ff65e3f,41ddd439,5dof,5dof,1,0.000569,,1129609904,,0.123851785852992,0.0936937553881184,,NaN,NaN,NaN,NaN,NaN,NaN,NaN,NaN,,
1,avg,0.0001,0,15-Oct-2020 16:41:23,10000,10000,12,ff65e3f,15d42d59,5dof,5dof,1,0.005506,,1129616275,,0.123851785852992,0.0936937553881184,,NaN,NaN,NaN,NaN,NaN,NaN,NaN,NaN,,
1,avg,0.0001,0,15-Oct-2020 16:40:21,10000,10000,12,ff65e3f,515d6036,5dof,5dof,1,0.002765,,1129610436,,0.123851785852992,0.0936937553881184,,NaN,NaN,NaN,NaN,NaN,NaN,NaN,NaN,,
1,avg,0.0001,0,15-Oct-2020 16:37:14,10000,10000,12,ff65e3f,60fe9122,5dof,5dof,1,0.000569,,1129592531,,0.123851785852992,0.0936937553881184,,NaN,NaN,NaN,NaN,NaN,NaN,NaN,NaN,,
1,avg,0.0001,0,15-Oct-2020 16:41:01,10000,10000,12,ff65e3f,9be555c6,5dof,5dof,1,0.003296,,1129614951,,0.123851785852992,0.0936937553881184,,NaN,NaN,NaN,NaN,NaN,NaN,NaN,NaN,,
1,avg,0.0001,0,15-Oct-2020 16:36:25,1000,10000,12,ff65e3f,3edc5340,5dof,5dof,1,0.00703,,1129587587,,0.130062116490265,0.0963245077219343,,NaN,NaN,NaN,NaN,NaN,NaN,NaN,NaN,,
1,avg,0.0001,0,15-Oct-2020 16:38:24,1000,10000,12,ff65e3f,01acdad2,5dof,5dof,1,0.007718,,1129599906,,0.128727791335261,0.0963055676307917,,NaN,NaN,NaN,NaN,NaN,NaN,NaN,NaN,,
1,avg,0.0001,0,15-Oct-2020 16:36:43,1000,10000,12,ff65e3f,50c25c25,5dof,5dof,1,0.001386,,1129590384,,0.128727791335261,0.0963055676307917,,NaN,NaN,NaN,NaN,NaN,NaN,NaN,NaN,,
1,avg,0.0001,0,15-Oct-2020 16:36:26,1000,10000,12,ff65e3f,12b654e4,5dof,5dof,1,0.006201,,1129587679,,0.130062116490265,0.0963245077219343,,NaN,NaN,NaN,NaN,NaN,NaN,NaN,NaN,,
1,avg,0.0001,0,15-Oct-2020 16:38:02,1000,10000,12,ff65e3f,cdbb789b,5dof,5dof,1,0.001016,,1129598076,,0.128727791335261,0.0963055676307917,,NaN,NaN,NaN,NaN,NaN,NaN,NaN,NaN,,
1,avg,0.0001,0,15-Oct-2020 16:38:29,1000,10000,12,ff65e3f,70d55c26,5dof,5dof,1,0.000762,,1129601198,,0.128727791335261,0.0963055676307917,,NaN,NaN,NaN,NaN,NaN,NaN,NaN,NaN,,
1,avg,0.0001,0,15-Oct-2020 16:40:02,1000,10000,12,ff65e3f,d9701802,5dof,5dof,1,0.0046,,1129609791,,0.128727791335261,0.0963055676307917,,NaN,NaN,NaN,NaN,NaN,NaN,NaN,NaN,,
1,avg,0.0001,0,15-Oct-2020 16:40:59,1000,10000,12,ff65e3f,3794cc02,5dof,5dof,1,0.002279,,1129616075,,0.128727791335261,0.0963055676307917,,NaN,NaN,NaN,NaN,NaN,NaN,NaN,NaN,,
1,avg,0.0001,0,15-Oct-2020 16:41:16,1000,10000,12,ff65e3f,108335e9,5dof,5dof,1,0.000564,,1129617778,,0.128727791335261,0.0963055676307917,,NaN,NaN,NaN,NaN,NaN,NaN,NaN,NaN,,
1,avg,0.0001,0,15-Oct-2020 16:42:01,1000,10000,12,ff65e3f,f8fe2bc6,5dof,5dof,1,0.000582,,1129622502,,0.128727791335261,0.0963055676307917,,NaN,NaN,NaN,NaN,NaN,NaN,NaN,NaN,,
1,avg,0.0001,0,15-Oct-2020 16:36:18,100,10000,12,ff65e3f,b70aa85f,5dof,5dof,1,0.001797,,1129587697,,0.129659556075074,0.0963342698270172,,NaN,NaN,NaN,NaN,NaN,NaN,NaN,NaN,,
1,avg,0.0001,0,15-Oct-2020 16:43:42,100,10000,12,ff65e3f,e127e0f6,5dof,5dof,1,0.000796,,1129632045,,0.129659556075074,0.0963342698270172,,NaN,NaN,NaN,NaN,NaN,NaN,NaN,NaN,,
1,avg,0.0001,0,15-Oct-2020 16:35:54,100,10000,12,ff65e3f,46ed47ff,5dof,5dof,1,0.003092,,1129585238,,0.130396118724946,0.0991051754515923,,NaN,NaN,NaN,NaN,NaN,NaN,NaN,NaN,,
1,avg,0.0001,0,15-Oct-2020 16:39:37,100,10000,12,ff65e3f,64d8b545,5dof,5dof,1,0.00165,,1129607762,,0.129659556075074,0.0963342698270172,,NaN,NaN,NaN,NaN,NaN,NaN,NaN,NaN,,
1,avg,0.0001,0,15-Oct-2020 16:36:22,100,10000,12,ff65e3f,74ec0144,5dof,5dof,1,0.004399,,1129587765,,0.129659556075074,0.0963342698270172,,NaN,NaN,NaN,NaN,NaN,NaN,NaN,NaN,,
1,avg,0.0001,0,15-Oct-2020 16:43:30,100,10000,12,ff65e3f,a02c2b23,5dof,5dof,1,0.003022,,1129630559,,0.129659556075074,0.0963342698270172,,NaN,NaN,NaN,NaN,NaN,NaN,NaN,NaN,,
1,avg,0.0001,0,15-Oct-2020 16:36:48,100,10000,12,ff65e3f,62ed821d,5dof,5dof,1,0.001708,,1129590796,,0.129659556075074,0.0963342698270172,,NaN,NaN,NaN,NaN,NaN,NaN,NaN,NaN,,
1,avg,0.0001,0,15-Oct-2020 16:39:25,100,10000,12,ff65e3f,609d39aa,5dof,5dof,1,0.000839,,1129606894,,0.129659556075074,0.0963342698270172,,NaN,NaN,NaN,NaN,NaN,NaN,NaN,NaN,,
1,avg,0.0001,0,15-Oct-2020 16:40:14,100,10000,12,ff65e3f,e872b6da,5dof,5dof,1,0.000807,,1129611323,,0.129659556075074,0.0963342698270172,,NaN,NaN,NaN,NaN,NaN,NaN,NaN,NaN,,
1,avg,0.0001,0,15-Oct-2020 16:35:47,100,10000,12,ff65e3f,5bb190a9,5dof,5dof,1,0.014553,,1129584628,,0.130396118724946,0.0991051754515923,,NaN,NaN,NaN,NaN,NaN,NaN,NaN,NaN,,
1,avg,0.0001,0,15-Oct-2020 16:37:49,20000,10000,12,ff65e3f,5e2d75d5,5dof,5dof,1,0.002582,,1129594874,,0.129708005662843,0.096475370443325,,NaN,NaN,NaN,NaN,NaN,NaN,NaN,NaN,,
1,avg,0.0001,0,15-Oct-2020 16:42:36,20000,10000,12,ff65e3f,f8842794,5dof,5dof,1,0.000949,,1129622036,,0.129708005662843,0.096475370443325,,NaN,NaN,NaN,NaN,NaN,NaN,NaN,NaN,,
1,avg,0.0001,0,15-Oct-2020 16:40:33,20000,10000,12,ff65e3f,e013d75c,5dof,5dof,1,0.001848,,1129610031,,0.129708005662843,0.096475370443325,,NaN,NaN,NaN,NaN,NaN,NaN,NaN,NaN,,
1,avg,0.0001,0,15-Oct-2020 16:39:37,20000,10000,12,ff65e3f,aa9a35af,5dof,5dof,1,0.00069,,1129604455,,0.129708005662843,0.096475370443325,,NaN,NaN,NaN,NaN,NaN,NaN,NaN,NaN,,
1,avg,0.0001,0,15-Oct-2020 16:42:20,20000,10000,12,ff65e3f,937b81ba,5dof,5dof,1,0.00227,,1129620691,,0.129708005662843,0.096475370443325,,NaN,NaN,NaN,NaN,NaN,NaN,NaN,NaN,,
1,avg,0.0001,0,15-Oct-2020 16:45:08,20000,10000,12,ff65e3f,da23b280,5dof,5dof,1,0.000969,,1129637676,,0.129708005662843,0.096475370443325,,NaN,NaN,NaN,NaN,NaN,NaN,NaN,NaN,,
1,avg,0.0001,0,15-Oct-2020 16:46:16,20000,10000,12,ff65e3f,683a8e4f,5dof,5dof,1,0.000817,,1129644421,,0.129708005662843,0.096475370443325,,NaN,NaN,NaN,NaN,NaN,NaN,NaN,NaN,,
1,avg,0.0001,0,15-Oct-2020 16:36:51,20000,10000,12,ff65e3f,a4d241bf,5dof,5dof,1,0.007841,,1129586872,,0.130747666052826,0.0977402716677383,,NaN,NaN,NaN,NaN,NaN,NaN,NaN,NaN,,
1,avg,0.0001,0,15-Oct-2020 16:40:56,20000,10000,12,ff65e3f,a47a303d,5dof,5dof,1,0.000532,,1129613096,,0.129708005662843,0.096475370443325,,NaN,NaN,NaN,NaN,NaN,NaN,NaN,NaN,,
1,avg,0.0001,0,15-Oct-2020 16:43:17,20000,10000,12,ff65e3f,b6d0f6ed,5dof,5dof,1,0.001558,,1129626394,,0.129708005662843,0.096475370443325,,NaN,NaN,NaN,NaN,NaN,NaN,NaN,NaN,,
1,avg,0.0001,0,15-Oct-2020 16:39:45,388,10000,12,ff65e3f,0e3bb722,5dof,5dof,1,0.001214,,1129608057,,0.128442312559364,0.0952345048738506,,NaN,NaN,NaN,NaN,NaN,NaN,NaN,NaN,,
1,avg,0.0001,0,15-Oct-2020 16:40:15,388,10000,12,ff65e3f,68dc4d77,5dof,5dof,1,0.001882,,1129611817,,0.128442312559364,0.0952345048738506,,NaN,NaN,NaN,NaN,NaN,NaN,NaN,NaN,,
1,avg,0.0001,0,15-Oct-2020 16:40:13,388,10000,12,ff65e3f,aaba942e,5dof,5dof,1,0.001537,,1129610853,,0.128442312559364,0.0952345048738506,,NaN,NaN,NaN,NaN,NaN,NaN,NaN,NaN,,
1,avg,0.0001,0,15-Oct-2020 16:39:16,388,10000,12,ff65e3f,53325f35,5dof,5dof,1,0.004298,,1129605276,,0.128442312559364,0.0952345048738506,,NaN,NaN,NaN,NaN,NaN,NaN,NaN,NaN,,
1,avg,0.0001,0,15-Oct-2020 16:41:37,388,10000,12,ff65e3f,471fa2cb,5dof,5dof,1,0.00101,,1129619385,,0.128442312559364,0.0952345048738506,,NaN,NaN,NaN,NaN,NaN,NaN,NaN,NaN,,
1,avg,0.0001,0,15-Oct-2020 16:41:54,388,10000,12,ff65e3f,06479834,5dof,5dof,1,0.001903,,1129620912,,0.128442312559364,0.0952345048738506,,NaN,NaN,NaN,NaN,NaN,NaN,NaN,NaN,,
1,avg,0.0001,0,15-Oct-2020 16:40:10,388,10000,12,ff65e3f,3463508f,5dof,5dof,1,0.00075,,1129610771,,0.128442312559364,0.0952345048738506,,NaN,NaN,NaN,NaN,NaN,NaN,NaN,NaN,,
1,avg,0.0001,0,15-Oct-2020 16:36:41,388,10000,12,ff65e3f,451fb521,5dof,5dof,1,0.002866,,1129590341,,0.128442312559364,0.0952345048738506,,NaN,NaN,NaN,NaN,NaN,NaN,NaN,NaN,,
1,avg,0.0001,0,15-Oct-2020 16:36:26,388,10000,12,ff65e3f,57646c40,5dof,5dof,1,0.002091,,1129588481,,0.128442312559364,0.0952345048738506,,NaN,NaN,NaN,NaN,NaN,NaN,NaN,NaN,,
1,avg,0.0001,0,15-Oct-2020 16:36:24,388,10000,12,ff65e3f,7eb4f94f,5dof,5dof,1,0.004954,,1129587960,,0.128442312559364,0.0952345048738506,,NaN,NaN,NaN,NaN,NaN,NaN,NaN,NaN,,
1,avg,0.0001,0,15-Oct-2020 16:38:01,50000,10000,12,ff65e3f,cd32eb02,5dof,5dof,1,0.002828,,1129592793,,0.129705333360717,0.0968788370312985,,NaN,NaN,NaN,NaN,NaN,NaN,NaN,NaN,,
1,avg,0.0001,0,15-Oct-2020 16:40:41,50000,10000,12,ff65e3f,b02b60a2,5dof,5dof,1,0.003446,,1129606074,,0.129705333360717,0.0968788370312985,,NaN,NaN,NaN,NaN,NaN,NaN,NaN,NaN,,
1,avg,0.0001,0,15-Oct-2020 16:42:52,50000,10000,12,ff65e3f,37246b98,5dof,5dof,1,0.003601,,1129619546,,0.129705333360717,0.0968788370312985,,NaN,NaN,NaN,NaN,NaN,NaN,NaN,NaN,,
1,avg,0.0001,0,15-Oct-2020 16:42:23,50000,10000,12,ff65e3f,54c4c464,5dof,5dof,1,0.001014,,1129617453,,0.129705333360717,0.0968788370312985,,NaN,NaN,NaN,NaN,NaN,NaN,NaN,NaN,,
1,avg,0.0001,0,15-Oct-2020 16:45:20,50000,10000,12,ff65e3f,7832cb75,5dof,5dof,1,0.000832,,1129634597,,0.129705333360717,0.0968788370312985,,NaN,NaN,NaN,NaN,NaN,NaN,NaN,NaN,,
1,avg,0.0001,0,15-Oct-2020 16:38:41,50000,10000,12,ff65e3f,a48cadde,5dof,5dof,1,0.003732,,1129594626,,0.129705333360717,0.0968788370312985,,NaN,NaN,NaN,NaN,NaN,NaN,NaN,NaN,,
1,avg,0.0001,0,15-Oct-2020 16:38:14,50000,10000,12,ff65e3f,27a20d0f,5dof,5dof,1,0.0116,,1129591484,,0.129705333360717,0.0968788370312985,,NaN,NaN,NaN,NaN,NaN,NaN,NaN,NaN,,
1,avg,0.0001,0,15-Oct-2020 16:37:27,50000,10000,12,ff65e3f,41e1fe36,5dof,5dof,1,0.001598,,1129590243,,0.129705333360717,0.0968788370312985,,NaN,NaN,NaN,NaN,NaN,NaN,NaN,NaN,,
1,avg,0.0001,0,15-Oct-2020 16:41:23,50000,10000,12,ff65e3f,84dbc9cf,5dof,5dof,1,0.00067,,1129613772,,0.129705333360717,0.0968788370312985,,NaN,NaN,NaN,NaN,NaN,NaN,NaN,NaN,,
1,avg,0.0001,0,15-Oct-2020 16:42:32,50000,10000,12,ff65e3f,d0919e18,5dof,5dof,1,0.00096,,1129619815,,0.129705333360717,0.0968788370312985,,NaN,NaN,NaN,NaN,NaN,NaN,NaN,NaN,,
1,avg,0.0001,0,15-Oct-2020 16:38:50,5000,10000,12,ff65e3f,6dae1bae,5dof,5dof,1,0.000758,,1129602532,,0.128614862680091,0.0968010819147877,,NaN,NaN,NaN,NaN,NaN,NaN,NaN,NaN,,
1,avg,0.0001,0,15-Oct-2020 16:43:47,5000,10000,12,ff65e3f,21cea24f,5dof,5dof,1,0.003051,,1129631803,,0.128614862680091,0.0968010819147877,,NaN,NaN,NaN,NaN,NaN,NaN,NaN,NaN,,
1,avg,0.0001,0,15-Oct-2020 16:39:16,5000,10000,12,ff65e3f,0873fe2d,5dof,5dof,1,0.000588,,1129605230,,0.128614862680091,0.0968010819147877,,NaN,NaN,NaN,NaN,NaN,NaN,NaN,NaN,,
1,avg,0.0001,0,15-Oct-2020 16:36:02,5000,10000,12,ff65e3f,458fdd8f,5dof,5dof,1,0.004036,,1129584567,,0.12910265563367,0.0965126000066609,,NaN,NaN,NaN,NaN,NaN,NaN,NaN,NaN,,
1,avg,0.0001,0,15-Oct-2020 16:44:02,5000,10000,12,ff65e3f,c86f5cec,5dof,5dof,1,0.000833,,1129633290,,0.128614862680091,0.0968010819147877,,NaN,NaN,NaN,NaN,NaN,NaN,NaN,NaN,,
1,avg,0.0001,0,15-Oct-2020 16:41:23,5000,10000,12,ff65e3f,73b569d1,5dof,5dof,1,0.000666,,1129618194,,0.128614862680091,0.0968010819147877,,NaN,NaN,NaN,NaN,NaN,NaN,NaN,NaN,,
1,avg,0.0001,0,15-Oct-2020 16:38:27,5000,10000,12,ff65e3f,4236b751,5dof,5dof,1,0.001146,,1129600359,,0.128614862680091,0.0968010819147877,,NaN,NaN,NaN,NaN,NaN,NaN,NaN,NaN,,
1,avg,0.0001,0,15-Oct-2020 16:39:53,5000,10000,12,ff65e3f,5034c5b2,5dof,5dof,1,0.000613,,1129608777,,0.128614862680091,0.0968010819147877,,NaN,NaN,NaN,NaN,NaN,NaN,NaN,NaN,,
1,avg,0.0001,0,15-Oct-2020 16:36:41,5000,10000,12,ff65e3f,622ce76f,5dof,5dof,1,0.001354,,1129590067,,0.128614862680091,0.0968010819147877,,NaN,NaN,NaN,NaN,NaN,NaN,NaN,NaN,,
1,avg,0.0001,0,15-Oct-2020 16:38:28,5000,10000,12,ff65e3f,5f2af04c,5dof,5dof,1,0.000898,,1129600367,,0.128614862680091,0.0968010819147877,,NaN,NaN,NaN,NaN,NaN,NaN,NaN,NaN,,
1,avg,0.0001,0,15-Oct-2020 16:35:54,500,10000,12,ff65e3f,853d48b5,5dof,5dof,1,0.003242,,1129585388,,0.129942945439668,0.0953215459209216,,NaN,NaN,NaN,NaN,NaN,NaN,NaN,NaN,,
1,avg,0.0001,0,15-Oct-2020 16:36:58,500,10000,12,ff65e3f,f4f61549,5dof,5dof,1,0.006417,,1129591012,,0.127920383449566,0.0960114073035669,,NaN,NaN,NaN,NaN,NaN,NaN,NaN,NaN,,
1,avg,0.0001,0,15-Oct-2020 16:36:28,500,10000,12,ff65e3f,2002fa4c,5dof,5dof,1,0.004813,,1129587724,,0.129942945439668,0.0953215459209216,,NaN,NaN,NaN,NaN,NaN,NaN,NaN,NaN,,
1,avg,0.0001,0,15-Oct-2020 16:39:45,500,10000,12,ff65e3f,21257c7f,5dof,5dof,1,0.0014,,1129607953,,0.127920383449566,0.0960114073035669,,NaN,NaN,NaN,NaN,NaN,NaN,NaN,NaN,,
1,avg,0.0001,0,15-Oct-2020 16:35:57,500,10000,12,ff65e3f,341e50d8,5dof,5dof,1,0.002965,,1129585554,,0.129942945439668,0.0953215459209216,,NaN,NaN,NaN,NaN,NaN,NaN,NaN,NaN,,
1,avg,0.0001,0,15-Oct-2020 16:37:32,500,10000,12,ff65e3f,bd71af5a,5dof,5dof,1,0.002854,,1129594674,,0.127920383449566,0.0960114073035669,,NaN,NaN,NaN,NaN,NaN,NaN,NaN,NaN,,
1,avg,0.0001,0,15-Oct-2020 16:41:42,500,10000,12,ff65e3f,e0464824,5dof,5dof,1,0.00103,,1129620310,,0.127920383449566,0.0960114073035669,,NaN,NaN,NaN,NaN,NaN,NaN,NaN,NaN,,
1,avg,0.0001,0,15-Oct-2020 16:37:03,500,10000,12,ff65e3f,d37d91b8,5dof,5dof,1,0.003712,,1129591229,,0.127920383449566,0.0960114073035669,,NaN,NaN,NaN,NaN,NaN,NaN,NaN,NaN,,
1,avg,0.0001,0,15-Oct-2020 16:39:11,500,10000,12,ff65e3f,16e2ddc2,5dof,5dof,1,0.000699,,1129605032,,0.127920383449566,0.0960114073035669,,NaN,NaN,NaN,NaN,NaN,NaN,NaN,NaN,,
1,avg,0.0001,0,15-Oct-2020 16:38:48,500,10000,12,ff65e3f,aa73db95,5dof,5dof,1,0.00281,,1129602761,,0.127920383449566,0.0960114073035669,,NaN,NaN,NaN,NaN,NaN,NaN,NaN,NaN,,
1,gpr,0.0001,0,15-Oct-2020 16:36:43,10000,10000,12,ff65e3f,bf7ef940,5dof,5dof,0,8.967692,,1129587842,,0.0556462910405934,0.0388889952472313,exact,NaN,NaN,NaN,NaN,NaN,NaN,NaN,NaN,,
1,gpr,0.0001,0,15-Oct-2020 16:37:30,10000,10000,12,ff65e3f,3d4cd1ab,5dof,5dof,0,8.248362,,1129593606,,0.0555922347021078,0.0389119948939379,exact,NaN,NaN,NaN,NaN,NaN,NaN,NaN,NaN,,
1,gpr,0.0001,0,15-Oct-2020 16:42:25,10000,10000,12,ff65e3f,e98f1008,5dof,5dof,0,9.740913,,1129623231,,0.0561190007290745,0.0394927572552795,exact,NaN,NaN,NaN,NaN,NaN,NaN,NaN,NaN,,
1,gpr,0.0001,0,15-Oct-2020 16:37:44,10000,10000,12,ff65e3f,3f0a1ab4,5dof,5dof,0,8.014316,,1129595473,,0.0561081319878169,0.0393257149330942,exact,NaN,NaN,NaN,NaN,NaN,NaN,NaN,NaN,,
1,gpr,0.0001,0,15-Oct-2020 16:36:23,10000,10000,12,ff65e3f,52cc2955,5dof,5dof,0,8.864829,,1129586251,,0.0556381779577457,0.0389475860394942,exact,NaN,NaN,NaN,NaN,NaN,NaN,NaN,NaN,,
1,gpr,0.0001,0,15-Oct-2020 16:48:34,10000,10000,12,ff65e3f,ac45cdae,5dof,5dof,0,8.216955,,1129660320,,0.0564018655158562,0.0396897488905777,exact,NaN,NaN,NaN,NaN,NaN,NaN,NaN,NaN,,
1,gpr,0.0001,0,15-Oct-2020 16:50:26,10000,10000,12,ff65e3f,f14db31e,5dof,5dof,0,23.925583,,1129672156,,0.0561832225820791,0.0395034522843623,exact,NaN,NaN,NaN,NaN,NaN,NaN,NaN,NaN,,
1,gpr,0.0001,0,15-Oct-2020 16:38:23,10000,10000,12,ff65e3f,a1efce12,5dof,5dof,0,7.474925,,1129599412,,0.0560574401469305,0.0393583790565763,exact,NaN,NaN,NaN,NaN,NaN,NaN,NaN,NaN,,
1,gpr,0.0001,0,15-Oct-2020 16:44:54,10000,10000,12,ff65e3f,16c44269,5dof,5dof,0,22.135153,,1129638811,,0.0561699443771943,0.0390219194887345,exact,NaN,NaN,NaN,NaN,NaN,NaN,NaN,NaN,,
1,gpr,0.0001,0,15-Oct-2020 16:37:04,10000,10000,12,ff65e3f,cbaf7294,5dof,5dof,0,7.733143,,1129591536,,0.0562254071631842,0.0394881304754815,exact,NaN,NaN,NaN,NaN,NaN,NaN,NaN,NaN,,
1,gpr,0.0001,0,15-Oct-2020 16:39:06,1000,10000,12,ff65e3f,ae11991f,5dof,5dof,0,1.402494,,1129604485,,0.0699858079914809,0.0500726786907572,exact,NaN,NaN,NaN,NaN,NaN,NaN,NaN,NaN,,
1,gpr,0.0001,0,15-Oct-2020 16:36:48,1000,10000,12,ff65e3f,75e9ff71,5dof,5dof,0,1.311053,,1129591175,,0.0698281311302855,0.0495844432349336,exact,NaN,NaN,NaN,NaN,NaN,NaN,NaN,NaN,,
1,gpr,0.0001,0,15-Oct-2020 16:36:42,1000,10000,12,ff65e3f,1dabfe2e,5dof,5dof,0,2.065158,,1129589138,,0.0689318981622135,0.048474444875772,exact,NaN,NaN,NaN,NaN,NaN,NaN,NaN,NaN,,
1,gpr,0.0001,0,15-Oct-2020 16:39:15,1000,10000,12,ff65e3f,2a4c5b7a,5dof,5dof,0,1.704522,,1129605809,,0.0708755097254562,0.0501194257829562,exact,NaN,NaN,NaN,NaN,NaN,NaN,NaN,NaN,,
1,gpr,0.0001,0,15-Oct-2020 16:39:20,1000,10000,12,ff65e3f,ba92e5a9,5dof,5dof,0,1.268569,,1129606244,,0.070539003125476,0.0502723311769382,exact,NaN,NaN,NaN,NaN,NaN,NaN,NaN,NaN,,
1,gpr,0.0001,0,15-Oct-2020 16:39:33,1000,10000,12,ff65e3f,4cf3ecf2,5dof,5dof,0,1.314147,,1129607398,,0.0717890894841417,0.0511864783395029,exact,NaN,NaN,NaN,NaN,NaN,NaN,NaN,NaN,,
1,gpr,0.0001,0,15-Oct-2020 16:37:30,1000,10000,12,ff65e3f,f24acdc6,5dof,5dof,0,1.451288,,1129595388,,0.0698206802475132,0.0497120529292991,exact,NaN,NaN,NaN,NaN,NaN,NaN,NaN,NaN,,
1,gpr,0.0001,0,15-Oct-2020 16:37:20,1000,10000,12,ff65e3f,0e5a00ff,5dof,5dof,0,2.46583,,1129594252,,0.0690710434759141,0.0490043765324898,exact,NaN,NaN,NaN,NaN,NaN,NaN,NaN,NaN,,
1,gpr,0.0001,0,15-Oct-2020 16:37:54,1000,10000,12,ff65e3f,95cf1c6d,5dof,5dof,0,1.331193,,1129597571,,0.0690394299678391,0.049401029501411,exact,NaN,NaN,NaN,NaN,NaN,NaN,NaN,NaN,,
1,gpr,0.0001,0,15-Oct-2020 16:38:25,1000,10000,12,ff65e3f,0ca0470c,5dof,5dof,0,1.47377,,1129600635,,0.0702348442221506,0.0504525435578997,exact,NaN,NaN,NaN,NaN,NaN,NaN,NaN,NaN,,
1,gpr,0.0001,0,15-Oct-2020 16:39:00,100,10000,12,ff65e3f,6d416865,5dof,5dof,0,0.226104,,1129604109,,0.114041400137609,0.0837667112167986,exact,NaN,NaN,NaN,NaN,NaN,NaN,NaN,NaN,,
1,gpr,0.0001,0,15-Oct-2020 16:36:41,100,10000,12,ff65e3f,da6979ca,5dof,5dof,0,0.790474,,1129589138,,0.116724738142861,0.0867325093865391,exact,NaN,NaN,NaN,NaN,NaN,NaN,NaN,NaN,,
1,gpr,0.0001,0,15-Oct-2020 16:36:22,100,10000,12,ff65e3f,7c84d978,5dof,5dof,0,0.155116,,1129588065,,0.115843190199667,0.0841176174640504,exact,NaN,NaN,NaN,NaN,NaN,NaN,NaN,NaN,,
1,gpr,0.0001,0,15-Oct-2020 16:39:55,100,10000,12,ff65e3f,7045d50a,5dof,5dof,0,0.073663,,1129609818,,0.115113126385577,0.0824834090451745,exact,NaN,NaN,NaN,NaN,NaN,NaN,NaN,NaN,,
1,gpr,0.0001,0,15-Oct-2020 16:37:13,100,10000,12,ff65e3f,4fc46e87,5dof,5dof,0,0.114183,,1129592671,,0.112409792869228,0.0814251369878693,exact,NaN,NaN,NaN,NaN,NaN,NaN,NaN,NaN,,
1,gpr,0.0001,0,15-Oct-2020 16:39:07,100,10000,12,ff65e3f,2aa21845,5dof,5dof,0,0.192269,,1129604736,,0.114168458005476,0.0837287562189862,exact,NaN,NaN,NaN,NaN,NaN,NaN,NaN,NaN,,
1,gpr,0.0001,0,15-Oct-2020 16:38:39,100,10000,12,ff65e3f,4ceaa4dd,5dof,5dof,0,0.123696,,1129602126,,0.114327548264854,0.0840154945296952,exact,NaN,NaN,NaN,NaN,NaN,NaN,NaN,NaN,,
1,gpr,0.0001,0,15-Oct-2020 16:35:56,100,10000,12,ff65e3f,69ffb92c,5dof,5dof,0,0.856067,,1129585604,,0.116268089037601,0.087939239896773,exact,NaN,NaN,NaN,NaN,NaN,NaN,NaN,NaN,,
1,gpr,0.0001,0,15-Oct-2020 16:36:20,100,10000,12,ff65e3f,8d4910e1,5dof,5dof,0,0.127279,,1129587915,,0.115420864529944,0.0840026872445091,exact,NaN,NaN,NaN,NaN,NaN,NaN,NaN,NaN,,
1,gpr,0.0001,0,15-Oct-2020 16:39:48,100,10000,12,ff65e3f,1fda8003,5dof,5dof,0,0.073654,,1129608947,,0.113871521863414,0.0834360187902644,exact,NaN,NaN,NaN,NaN,NaN,NaN,NaN,NaN,,
1,gpr,0.0001,0,15-Oct-2020 16:42:18,20000,10000,12,ff65e3f,921a21e1,5dof,5dof,0,114.991806,,1129619833,,0.0558815938036729,0.0386080531254007,exact,NaN,NaN,NaN,NaN,NaN,NaN,NaN,NaN,,
1,gpr,0.0001,0,15-Oct-2020 16:40:13,20000,10000,12,ff65e3f,770df959,5dof,5dof,0,23.82643,,1129608114,,0.0563100266149297,0.0390305413271938,exact,NaN,NaN,NaN,NaN,NaN,NaN,NaN,NaN,,
1,gpr,0.0001,0,15-Oct-2020 16:44:31,20000,10000,12,ff65e3f,1f592687,5dof,5dof,0,26.674606,,1129634094,,0.0559607651679734,0.0388194613823607,exact,NaN,NaN,NaN,NaN,NaN,NaN,NaN,NaN,,
1,gpr,0.0001,0,15-Oct-2020 16:40:04,20000,10000,12,ff65e3f,167e3500,5dof,5dof,0,95.109539,,1129608111,,0.0562507330254987,0.0390612631531653,exact,NaN,NaN,NaN,NaN,NaN,NaN,NaN,NaN,,
1,gpr,0.0001,0,15-Oct-2020 16:40:41,20000,10000,12,ff65e3f,4ecb2b52,5dof,5dof,0,102.461794,,1129611464,,0.0561025601050644,0.0388567115257049,exact,NaN,NaN,NaN,NaN,NaN,NaN,NaN,NaN,,
1,gpr,0.0001,0,15-Oct-2020 16:41:48,20000,10000,12,ff65e3f,e756997e,5dof,5dof,0,32.266183,,1129617669,,0.056171654364421,0.0391091632667053,exact,NaN,NaN,NaN,NaN,NaN,NaN,NaN,NaN,,
1,gpr,0.0001,0,15-Oct-2020 16:43:01,20000,10000,12,ff65e3f,b789d54f,5dof,5dof,0,117.63149,,1129623473,,0.0561921097667409,0.0389675817856962,exact,NaN,NaN,NaN,NaN,NaN,NaN,NaN,NaN,,
1,gpr,0.0001,0,15-Oct-2020 16:43:01,20000,10000,12,ff65e3f,8d229b96,5dof,5dof,0,117.522822,,1129623473,,0.0561921097667409,0.0389675817856962,exact,NaN,NaN,NaN,NaN,NaN,NaN,NaN,NaN,,
1,gpr,0.0001,0,15-Oct-2020 16:37:02,20000,10000,12,ff65e3f,66aa0bd0,5dof,5dof,0,31.475339,,1129588027,,0.0557593572282254,0.0386173164558101,exact,NaN,NaN,NaN,NaN,NaN,NaN,NaN,NaN,,
1,gpr,0.0001,0,15-Oct-2020 16:39:19,20000,10000,12,ff65e3f,e41534f0,5dof,5dof,0,29.579062,,1129602905,,0.0556831366391043,0.03865966736127,exact,NaN,NaN,NaN,NaN,NaN,NaN,NaN,NaN,,
1,gpr,0.0001,0,15-Oct-2020 16:37:09,388,10000,12,ff65e3f,ed2860e8,5dof,5dof,0,0.287172,,1129592478,,0.0885312386385422,0.0637726026467184,exact,NaN,NaN,NaN,NaN,NaN,NaN,NaN,NaN,,
1,gpr,0.0001,0,15-Oct-2020 16:38:25,388,10000,12,ff65e3f,7d2a22f5,5dof,5dof,0,0.247051,,1129600664,,0.0900429851944497,0.0625845091946214,exact,NaN,NaN,NaN,NaN,NaN,NaN,NaN,NaN,,
1,gpr,0.0001,0,15-Oct-2020 16:38:36,388,10000,12,ff65e3f,cd9d5c19,5dof,5dof,0,0.386421,,1129601834,,0.0866103589158252,0.0619122918916237,exact,NaN,NaN,NaN,NaN,NaN,NaN,NaN,NaN,,
1,gpr,0.0001,0,15-Oct-2020 16:37:42,388,10000,12,ff65e3f,0132d450,5dof,5dof,0,0.339867,,1129596442,,0.0884690957768549,0.0627833728991674,exact,NaN,NaN,NaN,NaN,NaN,NaN,NaN,NaN,,
1,gpr,0.0001,0,15-Oct-2020 16:38:26,388,10000,12,ff65e3f,4cd378ea,5dof,5dof,0,0.284761,,1129600744,,0.0906266537035803,0.0648127666949546,exact,NaN,NaN,NaN,NaN,NaN,NaN,NaN,NaN,,
1,gpr,0.0001,0,15-Oct-2020 16:35:57,388,10000,12,ff65e3f,8d485237,5dof,5dof,0,1.014506,,1129585577,,0.0925251636890209,0.0641733995820307,exact,NaN,NaN,NaN,NaN,NaN,NaN,NaN,NaN,,
1,gpr,0.0001,0,15-Oct-2020 16:36:41,388,10000,12,ff65e3f,c9bdb157,5dof,5dof,0,0.970906,,1129589139,,0.096639607897493,0.0642676286150919,exact,NaN,NaN,NaN,NaN,NaN,NaN,NaN,NaN,,
1,gpr,0.0001,0,15-Oct-2020 16:35:55,388,10000,12,ff65e3f,cb3b8f93,5dof,5dof,0,0.956565,,1129585529,,0.0918593930366096,0.0633485966874696,exact,NaN,NaN,NaN,NaN,NaN,NaN,NaN,NaN,,
1,gpr,0.0001,0,15-Oct-2020 16:39:27,388,10000,12,ff65e3f,c1ee81ad,5dof,5dof,0,0.21796,,1129606968,,0.0888774187754918,0.0638219901847648,exact,NaN,NaN,NaN,NaN,NaN,NaN,NaN,NaN,,
1,gpr,0.0001,0,15-Oct-2020 16:39:27,388,10000,12,ff65e3f,bfc9c15f,5dof,5dof,0,0.364582,,1129606934,,0.0871237920725416,0.0604767452568236,exact,NaN,NaN,NaN,NaN,NaN,NaN,NaN,NaN,,
1,gpr,0.0001,0,15-Oct-2020 16:43:40,50000,10000,12,ff65e3f,84c5387e,5dof,5dof,0,1130.961321,,1129623517,,0.0565750984078274,0.0387690998450108,exact,NaN,NaN,NaN,NaN,NaN,NaN,NaN,NaN,,
1,gpr,0.0001,0,15-Oct-2020 16:43:40,50000,10000,12,ff65e3f,d6f5b6c0,5dof,5dof,0,1130.137671,,1129623507,,0.0563800016193751,0.0386067910514787,exact,NaN,NaN,NaN,NaN,NaN,NaN,NaN,NaN,,
1,gpr,0.0001,0,15-Oct-2020 16:44:35,50000,10000,12,ff65e3f,b636068e,5dof,5dof,0,229.925384,,1129630737,,0.0565254194885951,0.0387771261426205,exact,NaN,NaN,NaN,NaN,NaN,NaN,NaN,NaN,,
1,gpr,0.0001,0,15-Oct-2020 16:43:44,50000,10000,12,ff65e3f,082fe63a,5dof,5dof,0,1174.583765,,1129623499,,0.056520906909796,0.0387267170951414,exact,NaN,NaN,NaN,NaN,NaN,NaN,NaN,NaN,,
1,gpr,0.0001,0,15-Oct-2020 16:44:04,50000,10000,12,ff65e3f,952f637f,5dof,5dof,0,208.08767,,1129628482,,0.0567227060428811,0.0387841626859628,exact,NaN,NaN,NaN,NaN,NaN,NaN,NaN,NaN,,
1,gpr,0.0001,0,15-Oct-2020 16:43:52,50000,10000,12,ff65e3f,87b3007f,5dof,5dof,0,976.061145,,1129628295,,0.0566478365002124,0.0387653613257512,exact,NaN,NaN,NaN,NaN,NaN,NaN,NaN,NaN,,
1,gpr,0.0001,0,15-Oct-2020 16:37:39,50000,10000,12,ff65e3f,d7e65b24,5dof,5dof,0,238.057071,,1129587891,,0.0564721094440156,0.0386264976805807,exact,NaN,NaN,NaN,NaN,NaN,NaN,NaN,NaN,,
1,gpr,0.0001,0,15-Oct-2020 16:39:00,50000,10000,12,ff65e3f,d5585f7c,5dof,5dof,0,181.870261,,1129598112,,0.0537966028361141,0.0374966658972322,exact,NaN,NaN,NaN,NaN,NaN,NaN,NaN,NaN,,
1,gpr,0.0001,0,15-Oct-2020 16:43:55,50000,10000,12,ff65e3f,c3fd1394,5dof,5dof,0,969.713878,,1129628236,,0.0567347832948509,0.0388799708431023,exact,NaN,NaN,NaN,NaN,NaN,NaN,NaN,NaN,,
1,gpr,0.0001,0,15-Oct-2020 16:37:40,50000,10000,12,ff65e3f,a965ef52,5dof,5dof,0,241.011643,,1129587899,,0.0567341301068604,0.038855216986663,exact,NaN,NaN,NaN,NaN,NaN,NaN,NaN,NaN,,
1,gpr,0.0001,0,15-Oct-2020 16:42:15,5000,10000,12,ff65e3f,21e83e1b,5dof,5dof,0,11.180399,,1129622998,,0.0601789009867827,0.042058899930135,exact,NaN,NaN,NaN,NaN,NaN,NaN,NaN,NaN,,
1,gpr,0.0001,0,15-Oct-2020 16:41:18,5000,10000,12,ff65e3f,da2b8eed,5dof,5dof,0,10.05402,,1129617769,,0.0598422776228224,0.0418430830908667,exact,NaN,NaN,NaN,NaN,NaN,NaN,NaN,NaN,,
1,gpr,0.0001,0,15-Oct-2020 16:37:06,5000,10000,12,ff65e3f,eb0b3e2c,5dof,5dof,0,9.470227,,1129592580,,0.0602622453725685,0.0420546707326936,exact,NaN,NaN,NaN,NaN,NaN,NaN,NaN,NaN,,
1,gpr,0.0001,0,15-Oct-2020 16:39:20,5000,10000,12,ff65e3f,47a60d81,5dof,5dof,0,9.98051,,1129606071,,0.0602443623713725,0.041955819751458,exact,NaN,NaN,NaN,NaN,NaN,NaN,NaN,NaN,,
1,gpr,0.0001,0,15-Oct-2020 16:49:15,5000,10000,12,ff65e3f,9a678b27,5dof,5dof,0,12.88813,,1129665241,,0.060152900608654,0.0421249323740197,exact,NaN,NaN,NaN,NaN,NaN,NaN,NaN,NaN,,
1,gpr,0.0001,0,15-Oct-2020 16:43:59,5000,10000,12,ff65e3f,a7e4fff1,5dof,5dof,0,9.709241,,1129633934,,0.059798050356701,0.0418624944629388,exact,NaN,NaN,NaN,NaN,NaN,NaN,NaN,NaN,,
1,gpr,0.0001,0,15-Oct-2020 16:36:34,5000,10000,12,ff65e3f,fbd8f4d4,5dof,5dof,0,9.175305,,1129589347,,0.0603120772479903,0.0420040187271104,exact,NaN,NaN,NaN,NaN,NaN,NaN,NaN,NaN,,
1,gpr,0.0001,0,15-Oct-2020 16:35:59,5000,10000,12,ff65e3f,eb364faa,5dof,5dof,0,11.165203,,1129585054,,0.0578991808388978,0.0406188586552584,exact,NaN,NaN,NaN,NaN,NaN,NaN,NaN,NaN,,
1,gpr,0.0001,0,15-Oct-2020 16:40:14,5000,10000,12,ff65e3f,57b99e69,5dof,5dof,0,10.015282,,1129611253,,0.0599671870488694,0.0419454183270496,exact,NaN,NaN,NaN,NaN,NaN,NaN,NaN,NaN,,
1,gpr,0.0001,0,15-Oct-2020 16:44:30,5000,10000,12,ff65e3f,bdebdb14,5dof,5dof,0,9.66541,,1129637062,,0.0600312653271701,0.0419426320521267,exact,NaN,NaN,NaN,NaN,NaN,NaN,NaN,NaN,,
1,gpr,0.0001,0,15-Oct-2020 16:36:41,500,10000,12,ff65e3f,2841d816,5dof,5dof,0,1.068896,,1129589138,,0.0815582797299206,0.0569188302868498,exact,NaN,NaN,NaN,NaN,NaN,NaN,NaN,NaN,,
1,gpr,0.0001,0,15-Oct-2020 16:36:41,500,10000,12,ff65e3f,b3f97981,5dof,5dof,0,1.067256,,1129589140,,0.0831688675975131,0.0590104810564426,exact,NaN,NaN,NaN,NaN,NaN,NaN,NaN,NaN,,
1,gpr,0.0001,0,15-Oct-2020 16:39:48,500,10000,12,ff65e3f,683a18a8,5dof,5dof,0,0.324852,,1129608912,,0.0816777019541188,0.0578316622685855,exact,NaN,NaN,NaN,NaN,NaN,NaN,NaN,NaN,,
1,gpr,0.0001,0,15-Oct-2020 16:37:33,500,10000,12,ff65e3f,3e7b1d82,5dof,5dof,0,0.391277,,1129595560,,0.0826285916510735,0.0582958022260713,exact,NaN,NaN,NaN,NaN,NaN,NaN,NaN,NaN,,
1,gpr,0.0001,0,15-Oct-2020 16:37:38,500,10000,12,ff65e3f,92940da9,5dof,5dof,0,0.441274,,1129596300,,0.0807151374611662,0.0571875991566396,exact,NaN,NaN,NaN,NaN,NaN,NaN,NaN,NaN,,
1,gpr,0.0001,0,15-Oct-2020 16:38:47,500,10000,12,ff65e3f,835df387,5dof,5dof,0,0.341306,,1129602810,,0.0823427761451453,0.0581362389910394,exact,NaN,NaN,NaN,NaN,NaN,NaN,NaN,NaN,,
1,gpr,0.0001,0,15-Oct-2020 16:38:47,500,10000,12,ff65e3f,02068fab,5dof,5dof,0,0.353698,,1129602825,,0.083828821486986,0.0588446006225167,exact,NaN,NaN,NaN,NaN,NaN,NaN,NaN,NaN,,
1,gpr,0.0001,0,15-Oct-2020 16:37:53,500,10000,12,ff65e3f,3112b315,5dof,5dof,0,0.381408,,1129597695,,0.0848483715525197,0.060849973675539,exact,NaN,NaN,NaN,NaN,NaN,NaN,NaN,NaN,,
1,gpr,0.0001,0,15-Oct-2020 16:38:56,500,10000,12,ff65e3f,d0a85bf8,5dof,5dof,0,0.379096,,1129603871,,0.0798667135805389,0.0577540339664164,exact,NaN,NaN,NaN,NaN,NaN,NaN,NaN,NaN,,
1,gpr,0.0001,0,15-Oct-2020 16:39:37,500,10000,12,ff65e3f,65a1a00f,5dof,5dof,0,0.37099,,1129607921,,0.0843507077462443,0.0591490177137709,exact,NaN,NaN,NaN,NaN,NaN,NaN,NaN,NaN,,
1,nn,0.0001,0,15-Oct-2020 16:39:34,10000,10000,12,ff65e3f,ddde2d72,5dof,5dof,1,0.906235,,1129605415,,0.0897977901900468,0.063055508000644,,NaN,NaN,NaN,NaN,NaN,NaN,NaN,NaN,,
1,nn,0.0001,0,15-Oct-2020 16:40:50,10000,10000,12,ff65e3f,dd28f14c,5dof,5dof,1,0.895084,,1129613613,,0.0906261998776954,0.0638628686498435,,NaN,NaN,NaN,NaN,NaN,NaN,NaN,NaN,,
1,nn,0.0001,0,15-Oct-2020 16:38:22,10000,10000,12,ff65e3f,52b43528,5dof,5dof,1,0.635663,,1129599157,,0.0893796701322828,0.063298581663473,,NaN,NaN,NaN,NaN,NaN,NaN,NaN,NaN,,
1,nn,0.0001,0,15-Oct-2020 16:39:50,10000,10000,12,ff65e3f,f823cd4c,5dof,5dof,1,0.942031,,1129607390,,0.0910333675369105,0.0643588372771011,,NaN,NaN,NaN,NaN,NaN,NaN,NaN,NaN,,
1,nn,0.0001,0,15-Oct-2020 16:41:24,10000,10000,12,ff65e3f,a02bc903,5dof,5dof,1,1.32987,,1129616473,,0.0903650192216878,0.0635828457576577,,NaN,NaN,NaN,NaN,NaN,NaN,NaN,NaN,,
1,nn,0.0001,0,15-Oct-2020 16:38:55,10000,10000,12,ff65e3f,950a047f,5dof,5dof,1,1.347724,,1129601782,,0.0902436148036064,0.0637125995902297,,NaN,NaN,NaN,NaN,NaN,NaN,NaN,NaN,,
1,nn,0.0001,0,15-Oct-2020 16:40:26,10000,10000,12,ff65e3f,3faf297c,5dof,5dof,1,0.627305,,1129611504,,0.0910313278102994,0.0639016788311907,,NaN,NaN,NaN,NaN,NaN,NaN,NaN,NaN,,
1,nn,0.0001,0,15-Oct-2020 16:45:45,10000,10000,12,ff65e3f,7aa890ef,5dof,5dof,1,1.276353,,1129642397,,0.0903418798133433,0.0635186914605412,,NaN,NaN,NaN,NaN,NaN,NaN,NaN,NaN,,
1,nn,0.0001,0,15-Oct-2020 16:44:24,10000,10000,12,ff65e3f,4dff6a39,5dof,5dof,1,1.143152,,1129634728,,0.0900165849881131,0.0633401821874915,,NaN,NaN,NaN,NaN,NaN,NaN,NaN,NaN,,
1,nn,0.0001,0,15-Oct-2020 16:43:26,10000,10000,12,ff65e3f,a6490ef8,5dof,5dof,1,1.196871,,1129628738,,0.0905487222132421,0.0638710162059756,,NaN,NaN,NaN,NaN,NaN,NaN,NaN,NaN,,
1,nn,0.0001,0,15-Oct-2020 16:36:28,1000,10000,12,ff65e3f,095d7546,5dof,5dof,1,0.384889,,1129587804,,0.113510579177347,0.0786188912376392,,NaN,NaN,NaN,NaN,NaN,NaN,NaN,NaN,,
1,nn,0.0001,0,15-Oct-2020 16:35:57,1000,10000,12,ff65e3f,8759d8f8,5dof,5dof,1,0.11322,,1129585342,,0.112179987219478,0.0784935293019537,,NaN,NaN,NaN,NaN,NaN,NaN,NaN,NaN,,
1,nn,0.0001,0,15-Oct-2020 16:39:56,1000,10000,12,ff65e3f,d5f20a7e,5dof,5dof,1,0.096005,,1129609978,,0.112100125551609,0.0793824086607739,,NaN,NaN,NaN,NaN,NaN,NaN,NaN,NaN,,
1,nn,0.0001,0,15-Oct-2020 16:36:45,1000,10000,12,ff65e3f,012732dd,5dof,5dof,1,0.127478,,1129590611,,0.1116503840257,0.0799624059896673,,NaN,NaN,NaN,NaN,NaN,NaN,NaN,NaN,,
1,nn,0.0001,0,15-Oct-2020 16:44:24,1000,10000,12,ff65e3f,ed5e8b4c,5dof,5dof,1,0.345489,,1129636077,,0.109682678810925,0.0786210801347116,,NaN,NaN,NaN,NaN,NaN,NaN,NaN,NaN,,
1,nn,0.0001,0,15-Oct-2020 16:41:21,1000,10000,12,ff65e3f,5f011047,5dof,5dof,1,0.099893,,1129618338,,0.112366143079571,0.0799921098221266,,NaN,NaN,NaN,NaN,NaN,NaN,NaN,NaN,,
1,nn,0.0001,0,15-Oct-2020 16:37:00,1000,10000,12,ff65e3f,1b8f2314,5dof,5dof,1,0.097324,,1129592272,,0.110891957130576,0.0797516385784676,,NaN,NaN,NaN,NaN,NaN,NaN,NaN,NaN,,
1,nn,0.0001,0,15-Oct-2020 16:38:25,1000,10000,12,ff65e3f,d3091352,5dof,5dof,1,0.142855,,1129600411,,0.113789777325274,0.0807354738826789,,NaN,NaN,NaN,NaN,NaN,NaN,NaN,NaN,,
1,nn,0.0001,0,15-Oct-2020 16:40:48,1000,10000,12,ff65e3f,51a5ad87,5dof,5dof,1,0.1205,,1129614836,,0.11271886667548,0.0805243312795239,,NaN,NaN,NaN,NaN,NaN,NaN,NaN,NaN,,
1,nn,0.0001,0,15-Oct-2020 16:39:16,1000,10000,12,ff65e3f,bbf477b6,5dof,5dof,1,0.210813,,1129605276,,0.110959309024046,0.0796488079176952,,NaN,NaN,NaN,NaN,NaN,NaN,NaN,NaN,,
1,nn,0.0001,0,15-Oct-2020 16:39:34,100,10000,12,ff65e3f,8f07c735,5dof,5dof,1,0.036429,,1129607430,,0.143128375689012,0.102549151831419,,NaN,NaN,NaN,NaN,NaN,NaN,NaN,NaN,,
1,nn,0.0001,0,15-Oct-2020 16:37:00,100,10000,12,ff65e3f,77ddc1b3,5dof,5dof,1,0.044202,,1129592351,,0.139160634027662,0.100047380821456,,NaN,NaN,NaN,NaN,NaN,NaN,NaN,NaN,,
1,nn,0.0001,0,15-Oct-2020 16:37:19,100,10000,12,ff65e3f,f32949f7,5dof,5dof,1,0.06392,,1129593594,,0.140255331170143,0.099975876711586,,NaN,NaN,NaN,NaN,NaN,NaN,NaN,NaN,,
1,nn,0.0001,0,15-Oct-2020 16:43:44,100,10000,12,ff65e3f,a46ecdc7,5dof,5dof,1,0.066044,,1129632123,,0.146174792051789,0.103608831482104,,NaN,NaN,NaN,NaN,NaN,NaN,NaN,NaN,,
1,nn,0.0001,0,15-Oct-2020 16:40:59,100,10000,12,ff65e3f,e1266e1a,5dof,5dof,1,0.049488,,1129615618,,0.138398547736155,0.0986020855938119,,NaN,NaN,NaN,NaN,NaN,NaN,NaN,NaN,,
1,nn,0.0001,0,15-Oct-2020 16:45:35,100,10000,12,ff65e3f,65aaf8cf,5dof,5dof,1,0.052932,,1129643115,,0.136440690165702,0.0970828107596999,,NaN,NaN,NaN,NaN,NaN,NaN,NaN,NaN,,
1,nn,0.0001,0,15-Oct-2020 16:42:21,100,10000,12,ff65e3f,f4460cb8,5dof,5dof,1,0.088922,,1129623709,,0.144706154672186,0.102702821115205,,NaN,NaN,NaN,NaN,NaN,NaN,NaN,NaN,,
1,nn,0.0001,0,15-Oct-2020 16:41:43,100,10000,12,ff65e3f,8b63b88a,5dof,5dof,1,0.037746,,1129620564,,0.143473172605954,0.102027008122828,,NaN,NaN,NaN,NaN,NaN,NaN,NaN,NaN,,
1,nn,0.0001,0,15-Oct-2020 16:43:17,100,10000,12,ff65e3f,8c6d1c1a,5dof,5dof,1,0.05894,,1129629538,,0.141472272959004,0.100083377345698,,NaN,NaN,NaN,NaN,NaN,NaN,NaN,NaN,,
1,nn,0.0001,0,15-Oct-2020 16:39:07,100,10000,12,ff65e3f,ff2e2bb0,5dof,5dof,1,0.028822,,1129604982,,0.146367396486243,0.103591721673302,,NaN,NaN,NaN,NaN,NaN,NaN,NaN,NaN,,
1,nn,0.0001,0,15-Oct-2020 16:38:16,20000,10000,12,ff65e3f,26412e0c,5dof,5dof,1,1.350134,,1129596214,,0.0873734311199768,0.0612623743390182,,NaN,NaN,NaN,NaN,NaN,NaN,NaN,NaN,,
1,nn,0.0001,0,15-Oct-2020 16:39:39,20000,10000,12,ff65e3f,d4d33b8b,5dof,5dof,1,1.53525,,1129604663,,0.0858338668234528,0.060122623268605,,NaN,NaN,NaN,NaN,NaN,NaN,NaN,NaN,,
1,nn,0.0001,0,15-Oct-2020 16:38:28,20000,10000,12,ff65e3f,ceedad30,5dof,5dof,1,1.19246,,1129599276,,0.0864494354816157,0.0606512876375686,,NaN,NaN,NaN,NaN,NaN,NaN,NaN,NaN,,
1,nn,0.0001,0,15-Oct-2020 16:45:19,20000,10000,12,ff65e3f,4960c178,5dof,5dof,1,1.397997,,1129638910,,0.0868727839082481,0.0608627512111537,,NaN,NaN,NaN,NaN,NaN,NaN,NaN,NaN,,
1,nn,0.0001,0,15-Oct-2020 16:37:37,20000,10000,12,ff65e3f,9988e243,5dof,5dof,1,1.429322,,1129593097,,0.0872600082708409,0.0610877513059121,,NaN,NaN,NaN,NaN,NaN,NaN,NaN,NaN,,
1,nn,0.0001,0,15-Oct-2020 16:39:10,20000,10000,12,ff65e3f,f3fda054,5dof,5dof,1,1.512827,,1129602932,,0.0865657058923704,0.0607996310223653,,NaN,NaN,NaN,NaN,NaN,NaN,NaN,NaN,,
1,nn,0.0001,0,15-Oct-2020 16:44:58,20000,10000,12,ff65e3f,e097ec86,5dof,5dof,1,1.958187,,1129636523,,0.0867440061704736,0.0611891824203713,,NaN,NaN,NaN,NaN,NaN,NaN,NaN,NaN,,
1,nn,0.0001,0,15-Oct-2020 16:37:51,20000,10000,12,ff65e3f,51662912,5dof,5dof,1,1.320744,,1129594121,,0.0863717784527718,0.0608676281513878,,NaN,NaN,NaN,NaN,NaN,NaN,NaN,NaN,,
1,nn,0.0001,0,15-Oct-2020 16:43:55,20000,10000,12,ff65e3f,501fbaf4,5dof,5dof,1,2.000781,,1129630324,,0.0868260073303951,0.0610464377915119,,NaN,NaN,NaN,NaN,NaN,NaN,NaN,NaN,,
1,nn,0.0001,0,15-Oct-2020 16:37:05,20000,10000,12,ff65e3f,cd74a0aa,5dof,5dof,1,1.000563,,1129590420,,0.0884677896892345,0.0616960749541265,,NaN,NaN,NaN,NaN,NaN,NaN,NaN,NaN,,
1,nn,0.0001,0,15-Oct-2020 16:38:48,388,10000,12,ff65e3f,04d4e739,5dof,5dof,1,0.056945,,1129603175,,0.122823861900654,0.0873327062883153,,NaN,NaN,NaN,NaN,NaN,NaN,NaN,NaN,,
1,nn,0.0001,0,15-Oct-2020 16:37:02,388,10000,12,ff65e3f,1c4ddd20,5dof,5dof,1,0.128718,,1129591157,,0.124114313295214,0.0872213818592635,,NaN,NaN,NaN,NaN,NaN,NaN,NaN,NaN,,
1,nn,0.0001,0,15-Oct-2020 16:38:18,388,10000,12,ff65e3f,c680d0bd,5dof,5dof,1,0.115274,,1129599498,,0.123088371800818,0.086984246708375,,NaN,NaN,NaN,NaN,NaN,NaN,NaN,NaN,,
1,nn,0.0001,0,15-Oct-2020 16:36:25,388,10000,12,ff65e3f,e7bdfa9b,5dof,5dof,1,0.211716,,1129587598,,0.124411663462824,0.0890361498975097,,NaN,NaN,NaN,NaN,NaN,NaN,NaN,NaN,,
1,nn,0.0001,0,15-Oct-2020 16:45:18,388,10000,12,ff65e3f,9d691461,5dof,5dof,1,0.110722,,1129641553,,0.122887792596408,0.0872622608293672,,NaN,NaN,NaN,NaN,NaN,NaN,NaN,NaN,,
1,nn,0.0001,0,15-Oct-2020 16:36:21,388,10000,12,ff65e3f,e857a094,5dof,5dof,1,0.071547,,1129587932,,0.12345581301947,0.0870910112599179,,NaN,NaN,NaN,NaN,NaN,NaN,NaN,NaN,,
1,nn,0.0001,0,15-Oct-2020 16:40:37,388,10000,12,ff65e3f,34941e31,5dof,5dof,1,0.195146,,1129613286,,0.125105905355784,0.0882183377221645,,NaN,NaN,NaN,NaN,NaN,NaN,NaN,NaN,,
1,nn,0.0001,0,15-Oct-2020 16:40:39,388,10000,12,ff65e3f,3b069943,5dof,5dof,1,0.124174,,1129613507,,0.121283542596014,0.0864010067301467,,NaN,NaN,NaN,NaN,NaN,NaN,NaN,NaN,,
1,nn,0.0001,0,15-Oct-2020 16:37:35,388,10000,12,ff65e3f,d429f8ee,5dof,5dof,1,0.069894,,1129595649,,0.121413811902542,0.0859727439353362,,NaN,NaN,NaN,NaN,NaN,NaN,NaN,NaN,,
1,nn,0.0001,0,15-Oct-2020 16:41:11,388,10000,12,ff65e3f,7ca36c59,5dof,5dof,1,0.112295,,1129616665,,0.126760630885963,0.0887651462643217,,NaN,NaN,NaN,NaN,NaN,NaN,NaN,NaN,,
1,nn,0.0001,0,15-Oct-2020 16:40:48,50000,10000,12,ff65e3f,085d207a,5dof,5dof,1,4.159807,,1129606732,,0.0835986494912307,0.0580438973747224,,NaN,NaN,NaN,NaN,NaN,NaN,NaN,NaN,,
1,nn,0.0001,0,15-Oct-2020 16:37:50,50000,10000,12,ff65e3f,e00caad8,5dof,5dof,1,3.675455,,1129587873,,0.0839162111606662,0.0579299998358764,,NaN,NaN,NaN,NaN,NaN,NaN,NaN,NaN,,
1,nn,0.0001,0,15-Oct-2020 16:38:05,50000,10000,12,ff65e3f,a9ab4e49,5dof,5dof,1,3.790097,,1129594223,,0.0820590738056216,0.057411119505517,,NaN,NaN,NaN,NaN,NaN,NaN,NaN,NaN,,
1,nn,0.0001,0,15-Oct-2020 16:42:39,50000,10000,12,ff65e3f,9253c1ed,5dof,5dof,1,3.609093,,1129617662,,0.0822827643248212,0.0575146646397236,,NaN,NaN,NaN,NaN,NaN,NaN,NaN,NaN,,
1,nn,0.0001,0,15-Oct-2020 16:43:11,50000,10000,12,ff65e3f,2d785c5d,5dof,5dof,1,2.546243,,1129621652,,0.0819669793201097,0.057263364968565,,NaN,NaN,NaN,NaN,NaN,NaN,NaN,NaN,,
1,nn,0.0001,0,15-Oct-2020 16:39:33,50000,10000,12,ff65e3f,ef88ac6d,5dof,5dof,1,3.854842,,1129603135,,0.0819207125289722,0.0570123052818183,,NaN,NaN,NaN,NaN,NaN,NaN,NaN,NaN,,
1,nn,0.0001,0,15-Oct-2020 16:40:35,50000,10000,12,ff65e3f,9c666bcb,5dof,5dof,1,3.196006,,1129608732,,0.0830438368783238,0.0571875813401085,,NaN,NaN,NaN,NaN,NaN,NaN,NaN,NaN,,
1,nn,0.0001,0,15-Oct-2020 16:38:08,50000,10000,12,ff65e3f,eefc7b7b,5dof,5dof,1,2.493651,,1129591083,,0.0826285552102322,0.0574035574279597,,NaN,NaN,NaN,NaN,NaN,NaN,NaN,NaN,,
1,nn,0.0001,0,15-Oct-2020 16:43:44,50000,10000,12,ff65e3f,6c690e81,5dof,5dof,1,3.015831,,1129624950,,0.0837877897649175,0.0585066651868274,,NaN,NaN,NaN,NaN,NaN,NaN,NaN,NaN,,
1,nn,0.0001,0,15-Oct-2020 16:42:02,50000,10000,12,ff65e3f,d1a9e598,5dof,5dof,1,2.521744,,1129614465,,0.0816488424518785,0.0568893086674696,,NaN,NaN,NaN,NaN,NaN,NaN,NaN,NaN,,
1,nn,0.0001,0,15-Oct-2020 16:38:50,5000,10000,12,ff65e3f,a63817d2,5dof,5dof,1,0.835998,,1129602028,,0.0936372053295629,0.066850462215468,,NaN,NaN,NaN,NaN,NaN,NaN,NaN,NaN,,
1,nn,0.0001,0,15-Oct-2020 16:38:53,5000,10000,12,ff65e3f,82202453,5dof,5dof,1,0.588339,,1129602953,,0.0946590884966754,0.0670810436250983,,NaN,NaN,NaN,NaN,NaN,NaN,NaN,NaN,,
1,nn,0.0001,0,15-Oct-2020 16:38:01,5000,10000,12,ff65e3f,7edd4466,5dof,5dof,1,0.566354,,1129597718,,0.0930705335146353,0.0664531820482992,,NaN,NaN,NaN,NaN,NaN,NaN,NaN,NaN,,
1,nn,0.0001,0,15-Oct-2020 16:41:47,5000,10000,12,ff65e3f,8ba49d4a,5dof,5dof,1,0.873439,,1129620461,,0.0952410153759748,0.0677685548192484,,NaN,NaN,NaN,NaN,NaN,NaN,NaN,NaN,,
1,nn,0.0001,0,15-Oct-2020 16:37:50,5000,10000,12,ff65e3f,2f014790,5dof,5dof,1,0.756953,,1129596945,,0.093580235345661,0.0666077339625042,,NaN,NaN,NaN,NaN,NaN,NaN,NaN,NaN,,
1,nn,0.0001,0,15-Oct-2020 16:40:38,5000,10000,12,ff65e3f,b73b99d6,5dof,5dof,1,0.793818,,1129612553,,0.0932720901331586,0.0664395096042457,,NaN,NaN,NaN,NaN,NaN,NaN,NaN,NaN,,
1,nn,0.0001,0,15-Oct-2020 16:41:32,5000,10000,12,ff65e3f,2784c54f,5dof,5dof,1,0.838766,,1129618291,,0.0929518831577381,0.0666885307647102,,NaN,NaN,NaN,NaN,NaN,NaN,NaN,NaN,,
1,nn,0.0001,0,15-Oct-2020 16:38:06,5000,10000,12,ff65e3f,d1cb1b2a,5dof,5dof,1,0.989924,,1129597515,,0.0942984991657098,0.0671943995512623,,NaN,NaN,NaN,NaN,NaN,NaN,NaN,NaN,,
1,nn,0.0001,0,15-Oct-2020 16:44:01,5000,10000,12,ff65e3f,ff5f4146,5dof,5dof,1,1.223242,,1129633074,,0.0933778225883792,0.0666417674242148,,NaN,NaN,NaN,NaN,NaN,NaN,NaN,NaN,,
1,nn,0.0001,0,15-Oct-2020 16:42:58,5000,10000,12,ff65e3f,99289b45,5dof,5dof,1,1.094657,,1129626487,,0.095368047578902,0.0676289967853439,,NaN,NaN,NaN,NaN,NaN,NaN,NaN,NaN,,
1,nn,0.0001,0,15-Oct-2020 16:44:52,500,10000,12,ff65e3f,0a10c5f4,5dof,5dof,1,0.184855,,1129638806,,0.122759439525548,0.0868318025168514,,NaN,NaN,NaN,NaN,NaN,NaN,NaN,NaN,,
1,nn,0.0001,0,15-Oct-2020 16:44:13,500,10000,12,ff65e3f,978ff7f3,5dof,5dof,1,0.1649,,1129635082,,0.121141591052364,0.0861783653297411,,NaN,NaN,NaN,NaN,NaN,NaN,NaN,NaN,,
1,nn,0.0001,0,15-Oct-2020 16:38:50,500,10000,12,ff65e3f,9e36f181,5dof,5dof,1,0.124074,,1129602704,,0.118825085289767,0.0857043090038855,,NaN,NaN,NaN,NaN,NaN,NaN,NaN,NaN,,
1,nn,0.0001,0,15-Oct-2020 16:35:55,500,10000,12,ff65e3f,0f805ce8,5dof,5dof,1,0.08437,,1129585237,,0.118230632139677,0.0835964975525263,,NaN,NaN,NaN,NaN,NaN,NaN,NaN,NaN,,
1,nn,0.0001,0,15-Oct-2020 16:39:55,500,10000,12,ff65e3f,ad1df106,5dof,5dof,1,0.085504,,1129609594,,0.119844970666223,0.0848501275124413,,NaN,NaN,NaN,NaN,NaN,NaN,NaN,NaN,,
1,nn,0.0001,0,15-Oct-2020 16:38:34,500,10000,12,ff65e3f,8e46c25d,5dof,5dof,1,0.231398,,1129600997,,0.120993971909369,0.0860809207495904,,NaN,NaN,NaN,NaN,NaN,NaN,NaN,NaN,,
1,nn,0.0001,0,15-Oct-2020 16:43:03,500,10000,12,ff65e3f,5ee3d43b,5dof,5dof,1,0.127464,,1129627910,,0.120387114894766,0.0863708765767755,,NaN,NaN,NaN,NaN,NaN,NaN,NaN,NaN,,
1,nn,0.0001,0,15-Oct-2020 16:38:43,500,10000,12,ff65e3f,6758d659,5dof,5dof,1,0.187604,,1129602093,,0.119628435818711,0.0853904716920004,,NaN,NaN,NaN,NaN,NaN,NaN,NaN,NaN,,
1,nn,0.0001,0,15-Oct-2020 16:39:01,500,10000,12,ff65e3f,dde9418e,5dof,5dof,1,0.1818,,1129603739,,0.120690618100663,0.0854711229283412,,NaN,NaN,NaN,NaN,NaN,NaN,NaN,NaN,,
1,nn,0.0001,0,15-Oct-2020 16:36:22,500,10000,12,ff65e3f,22f8f7ab,5dof,5dof,1,0.083596,,1129587736,,0.117889638692799,0.0840333110807081,,NaN,NaN,NaN,NaN,NaN,NaN,NaN,NaN,,
1,pbary,0.0001,0,15-Oct-2020 17:15:15,10000,10000,12,ff65e3f,f536cfd2,5dof,5dof,1,1789.558678,,1129819805,,0.0665466893289202,0.0467376080412186,,0.1,0.9808,0.01,9808,10,0.0780551923650899,0.113005358876709,192,planar,
1,pbary,0.0001,0,15-Oct-2020 17:16:20,10000,10000,12,ff65e3f,14413cff,5dof,5dof,1,1543.41397,,1129825536,,0.0661568500414208,0.0468365065237087,,0.1,0.9782,0.01,9782,10,0.0770262349897064,0.109325249979131,218,planar,
1,pbary,0.0001,0,15-Oct-2020 17:15:30,10000,10000,12,ff65e3f,f5f4c92f,5dof,5dof,1,1598.964912,,1129820788,,0.0670950624488689,0.0469351381541502,,0.1,0.9801,0.01,9801,10,0.0745163838787285,0.107681195968106,199,planar,
1,pbary,0.0001,0,15-Oct-2020 17:12:12,10000,10000,12,ff65e3f,d21f099c,5dof,5dof,1,1527.886137,,1129801502,,0.0670028175987803,0.046927275330021,,0.1,0.9812,0.01,9812,10,0.0897807534236608,0.123877416365186,188,planar,
1,pbary,0.0001,0,15-Oct-2020 17:13:08,10000,10000,12,ff65e3f,c0d2de53,5dof,5dof,1,1518.889802,,1129807237,,0.0660597018263787,0.0465086548738595,,0.1,0.9814,0.01,9814,10,0.085649251497684,0.113361253453263,186,planar,
1,pbary,0.0001,0,15-Oct-2020 17:15:17,10000,10000,12,ff65e3f,06ff1cde,5dof,5dof,1,1571.569129,,1129819738,,0.0662928784387982,0.0467904294076962,,0.1,0.9819,0.01,9819,10,0.0785857214810315,0.1139367454125,181,planar,
1,pbary,0.0001,0,15-Oct-2020 17:11:39,10000,10000,12,ff65e3f,f971a599,5dof,5dof,1,1565.520869,,1129797751,,0.0663424569643,0.0467863912646206,,0.1,0.9783,0.01,9783,10,0.0853711942443546,0.118882855350016,217,planar,
1,pbary,0.0001,0,15-Oct-2020 17:14:29,10000,10000,12,ff65e3f,925b5124,5dof,5dof,1,1813.901722,,1129813830,,0.067190611231416,0.0469362504157716,,0.1,0.9786,0.01,9786,10,0.0775053606033081,0.108939465431482,214,planar,
1,pbary,0.0001,0,15-Oct-2020 17:15:44,10000,10000,12,ff65e3f,d7a7dde9,5dof,5dof,1,1809.75843,,1129821737,,0.0658766407626585,0.0462814233726317,,0.1,0.9775,0.01,9775,10,0.0761679291976531,0.107111837341954,225,planar,
1,pbary,0.0001,0,15-Oct-2020 17:10:06,10000,10000,12,ff65e3f,c678bb11,5dof,5dof,1,1569.341485,,1129788867,,0.0663024354315005,0.0462712463564404,,0.1,0.9772,0.01,9772,10,0.0759809860773489,0.108335030318671,228,planar,
1,pbary,0.0001,0,15-Oct-2020 16:47:16,1000,10000,12,ff65e3f,5eed6389,5dof,5dof,1,515.770333,,1129653279,,0.089766828640779,0.0640233189890666,,0.1,0.9388,0.01,9388,10,0.0904242317473526,0.12900924072552,612,planar,
1,pbary,0.0001,0,15-Oct-2020 17:01:11,1000,10000,12,ff65e3f,f0ea7bbb,5dof,5dof,1,678.419992,,1129736301,,0.0911808326706019,0.0647766733303464,,0.1,0.933,0.01,9330,10,0.102489515062329,0.151689808994065,670,planar,
1,pbary,0.0001,0,15-Oct-2020 17:04:15,1000,10000,12,ff65e3f,d7c7f810,5dof,5dof,1,536.724899,,1129755149,,0.0889826676357346,0.0630455752463356,,0.1,0.9295,0.01,9295,10,0.10062236084752,0.146965354419037,705,planar,
1,pbary,0.0001,0,15-Oct-2020 16:56:37,1000,10000,12,ff65e3f,a18c5cb2,5dof,5dof,1,544.314914,,1129709457,,0.0917950293691767,0.0653390821461076,,0.1,0.9319,0.01,9319,10,0.0965825454579134,0.138859401098554,681,planar,
1,pbary,0.0001,0,15-Oct-2020 16:47:41,1000,10000,12,ff65e3f,73d5e396,5dof,5dof,1,715.857951,,1129655133,,0.0930107514564936,0.0657451060223684,,0.1,0.9212,0.01,9212,10,0.109673121443451,0.155672047992044,788,planar,
1,pbary,0.0001,0,15-Oct-2020 16:52:37,1000,10000,12,ff65e3f,5022ea37,5dof,5dof,1,643.132224,,1129685244,,0.0908977535516614,0.0645633031232275,,0.1,0.9255,0.01,9255,10,0.0975649353625443,0.144936972011913,745,planar,
1,pbary,0.0001,0,15-Oct-2020 17:03:16,1000,10000,12,ff65e3f,8a18db23,5dof,5dof,1,749.982802,,1129748406,,0.0902295080115901,0.0639276768421001,,0.1,0.923,0.01,9230,10,0.099416166862752,0.148250591040634,770,planar,
1,pbary,0.0001,0,15-Oct-2020 16:48:06,1000,10000,12,ff65e3f,34d7171c,5dof,5dof,1,759.35607,,1129657539,,0.0911514897880761,0.0654127845459167,,0.1,0.9176,0.01,9176,10,0.0951280037039909,0.13614954740185,824,planar,
1,pbary,0.0001,0,15-Oct-2020 16:45:27,1000,10000,12,ff65e3f,d281d5e0,5dof,5dof,1,641.50567,,1129642422,,0.0920612935753561,0.0647217138144945,,0.1,0.9329,0.01,9329,10,0.096516805813883,0.146059433862147,671,planar,
1,pbary,0.0001,0,15-Oct-2020 16:49:36,1000,10000,12,ff65e3f,40c8ee6b,5dof,5dof,1,513.460323,,1129667330,,0.0908004106749673,0.0643449447829253,,0.1,0.9365,0.01,9365,10,0.0916899678490647,0.132659436741432,635,planar,
1,pbary,0.0001,0,15-Oct-2020 16:54:47,100,10000,12,ff65e3f,c89b1e05,5dof,5dof,1,177.002256,,1129698864,,0.131192179605966,0.0967391321604273,,0.1,0.807,0.01,8070,10,0.128614333532353,0.18433127827424,1930,planar,
1,pbary,0.0001,0,15-Oct-2020 16:54:58,100,10000,12,ff65e3f,139afef3,5dof,5dof,1,169.162354,,1129699430,,0.132898170955045,0.101681573164775,,0.1,0.8929,0.01,8929,10,0.121523829689894,0.172082835627654,1071,planar,
1,pbary,0.0001,0,15-Oct-2020 16:59:27,100,10000,12,ff65e3f,6f2c8ff6,5dof,5dof,1,157.517153,,1129726271,,0.134116518530415,0.0995527402591605,,0.1,0.8304,0.01,8304,10,0.129765633548243,0.182727865785493,1696,planar,
1,pbary,0.0001,0,15-Oct-2020 16:55:04,100,10000,12,ff65e3f,3ceabaf0,5dof,5dof,1,165.119359,,1129699656,,0.128317479804681,0.0960577452922201,,0.1,0.841,0.01,8410,10,0.118048307629348,0.162770851129684,1590,planar,
1,pbary,0.0001,0,15-Oct-2020 16:59:44,100,10000,12,ff65e3f,37376418,5dof,5dof,1,147.789404,,1129728164,,0.128570527636485,0.0957415665706687,,0.1,0.8924,0.01,8924,10,0.115051391898001,0.162158376673729,1076,planar,
1,pbary,0.0001,0,15-Oct-2020 17:03:13,100,10000,12,ff65e3f,ff40584e,5dof,5dof,1,198.462549,,1129749025,,0.138833409331392,0.102081549076537,,0.1,0.7457,0.01,7457,10,0.123286654000148,0.176016494859851,2543,planar,
1,pbary,0.0001,0,15-Oct-2020 16:55:43,100,10000,12,ff65e3f,1113ed83,5dof,5dof,1,167.067481,,1129704134,,0.133232132816482,0.101286825335993,,0.1,0.8486,0.01,8486,10,0.112962628928135,0.156606440203267,1514,planar,
1,pbary,0.0001,0,15-Oct-2020 16:44:06,100,10000,12,ff65e3f,6438f3a1,5dof,5dof,1,179.189997,,1129634369,,0.128766920828586,0.0959968155995114,,0.1,0.7945,0.01,7945,10,0.11381059116633,0.155714863516586,2055,planar,
1,pbary,0.0001,0,15-Oct-2020 16:52:37,100,10000,12,ff65e3f,9216f3ca,5dof,5dof,1,248.785253,,1129684959,,0.129241566210256,0.094983504738027,,0.1,0.7762,0.01,7762,10,0.116827803992123,0.166319961790022,2238,planar,
1,pbary,0.0001,0,15-Oct-2020 16:47:09,100,10000,12,ff65e3f,9f94e770,5dof,5dof,1,225.735126,,1129652119,,0.125084698609771,0.0921099787723058,,0.1,0.8181,0.01,8181,10,0.110745980187918,0.158489027637235,1819,planar,
1,pbary,0.0001,0,15-Oct-2020 17:22:26,20000,10000,12,ff65e3f,175f644c,5dof,5dof,1,2241.98271,,1129862148,,0.0642001549389598,0.0449209741926054,,0.1,0.9895,0.01,9895,10,0.0749141187253155,0.106773736500568,105,planar,
1,pbary,0.0001,0,15-Oct-2020 17:24:32,20000,10000,12,ff65e3f,2703016a,5dof,5dof,1,2409.946987,,1129874182,,0.0645733560889585,0.044995001230358,,0.1,0.9883,0.01,9883,10,0.0691057590831411,0.106374512823176,117,planar,
1,pbary,0.0001,0,15-Oct-2020 17:24:57,20000,10000,12,ff65e3f,d14f0a8a,5dof,5dof,1,2464.646223,,1129876152,,0.064695835039632,0.0452290172434607,,0.1,0.9858,0.01,9858,10,0.0715092860410844,0.104627269251719,142,planar,
1,pbary,0.0001,0,15-Oct-2020 17:24:46,20000,10000,12,ff65e3f,2a03fbce,5dof,5dof,1,2553.436151,,1129874487,,0.0646898811648497,0.0450054968967349,,0.1,0.9887,0.01,9887,10,0.066992253236681,0.104013292495322,113,planar,
1,pbary,0.0001,0,15-Oct-2020 17:26:35,20000,10000,12,ff65e3f,11b60b11,5dof,5dof,1,2720.60396,,1129886169,,0.0659926707937419,0.0457236865537762,,0.1,0.988,0.01,9880,10,0.0749578311792026,0.110232085790347,120,planar,
1,pbary,0.0001,0,15-Oct-2020 17:22:38,20000,10000,12,ff65e3f,fde33365,5dof,5dof,1,2523.146084,,1129862316,,0.0644124818529823,0.0448521555762167,,0.1,0.9876,0.01,9876,10,0.0597398539646953,0.0905485102076534,124,planar,
1,pbary,0.0001,0,15-Oct-2020 17:17:44,20000,10000,12,ff65e3f,0e12ebe7,5dof,5dof,1,2453.600921,,1129833578,,0.0645724443804613,0.044794786171545,,0.1,0.9863,0.01,9863,10,0.0696548214602241,0.103845390341273,137,planar,
1,pbary,0.0001,0,15-Oct-2020 17:39:23,20000,10000,12,ff65e3f,20924db2,5dof,5dof,1,2382.209545,,1129962635,,0.0647862098678748,0.0448625549910203,,0.1,0.9879,0.01,9879,10,0.0827299945956102,0.117119236877364,121,planar,
1,pbary,0.0001,0,15-Oct-2020 17:38:06,20000,10000,12,ff65e3f,cf3bfbb8,5dof,5dof,1,2449.306156,,1129955969,,0.0647387892884971,0.0450804596634473,,0.1,0.9906,0.01,9906,10,0.0761202745205115,0.102831180580599,94,planar,
1,pbary,0.0001,0,15-Oct-2020 17:25:37,20000,10000,12,ff65e3f,146b1e8b,5dof,5dof,1,2593.873162,,1129880537,,0.0654573905494305,0.0454263263211698,,0.1,0.99,0.01,9900,10,0.0854416283572734,0.121356887966092,100,planar,
1,pbary,0.0001,0,15-Oct-2020 16:56:15,388,10000,12,ff65e3f,93469684,5dof,5dof,1,393.729965,,1129707136,,0.111411216299286,0.0773145226037054,,0.1,0.878,0.01,8780,10,0.106508884029859,0.149356410633765,1220,planar,
1,pbary,0.0001,0,15-Oct-2020 16:56:54,388,10000,12,ff65e3f,4b42fad5,5dof,5dof,1,377.36825,,1129710977,,0.107940617706021,0.0745643868346042,,0.1,0.8871,0.01,8871,10,0.111468660275824,0.154568134071349,1129,planar,
1,pbary,0.0001,0,15-Oct-2020 16:53:09,388,10000,12,ff65e3f,33673953,5dof,5dof,1,394.880837,,1129688747,,0.109610748356235,0.0763760381533173,,0.1,0.8746,0.01,8746,10,0.105016838072354,0.148986171182888,1254,planar,
1,pbary,0.0001,0,15-Oct-2020 16:49:11,388,10000,12,ff65e3f,024653ae,5dof,5dof,1,349.863867,,1129664906,,0.109816255872656,0.0770084239517103,,0.1,0.9054,0.01,9054,10,0.110967307825669,0.155230208867802,946,planar,
1,pbary,0.0001,0,15-Oct-2020 16:55:06,388,10000,12,ff65e3f,67d86158,5dof,5dof,1,381.071021,,1129700610,,0.109541508034644,0.076650055855328,,0.1,0.8836,0.01,8836,10,0.109882446425121,0.152603367437526,1164,planar,
1,pbary,0.0001,0,15-Oct-2020 17:03:15,388,10000,12,ff65e3f,e1b9d86e,5dof,5dof,1,381.167987,,1129749234,,0.114280432080616,0.0785398656105331,,0.1,0.8633,0.01,8633,10,0.113249987207347,0.162850429185056,1367,planar,
1,pbary,0.0001,0,15-Oct-2020 16:58:51,388,10000,12,ff65e3f,f575cf44,5dof,5dof,1,367.061176,,1129722560,,0.108150241456304,0.0772864038024414,,0.1,0.8996,0.01,8996,10,0.105806333202231,0.149515902465979,1004,planar,
1,pbary,0.0001,0,15-Oct-2020 16:56:14,388,10000,12,ff65e3f,6eab4dd8,5dof,5dof,1,349.646282,,1129707055,,0.106624473320849,0.0759102044586217,,0.1,0.9037,0.01,9037,10,0.112095874248628,0.15798210516954,963,planar,
1,pbary,0.0001,0,15-Oct-2020 17:03:53,388,10000,12,ff65e3f,296fe272,5dof,5dof,1,440.729771,,1129752950,,0.108353346309182,0.0761313966819751,,0.1,0.8517,0.01,8517,10,0.106765700116489,0.151138701810192,1483,planar,
1,pbary,0.0001,0,15-Oct-2020 17:01:00,388,10000,12,ff65e3f,850c6086,5dof,5dof,1,343.775835,,1129736027,,0.108738909799593,0.0759389682870689,,0.1,0.9094,0.01,9094,10,0.11256595699822,0.164703015020943,906,planar,
1,pbary,0.0001,0,15-Oct-2020 17:30:30,50000,10000,12,ff65e3f,39837ca4,5dof,5dof,1,6032.424718,,1129906483,,0.0631574215071472,0.0432306734456233,,0.1,0.9923,0.01,9923,10,0.0728681349221557,0.0995577832965734,77,planar,
1,pbary,0.0001,0,15-Oct-2020 17:33:54,50000,10000,12,ff65e3f,a4fde3b6,5dof,5dof,1,6730.326426,,1129924981,,0.0627182988916506,0.0428567170654425,,0.1,0.9931,0.01,9931,10,0.0718881930526401,0.0998273047492282,69,planar,
1,pbary,0.0001,0,15-Oct-2020 17:31:30,50000,10000,12,ff65e3f,cb3a12d7,5dof,5dof,1,9459.803846,,1129911195,,0.0627075788982856,0.0428177304174088,,0.1,0.9941,0.01,9941,10,0.078510656311648,0.107834587209699,59,planar,
1,pbary,0.0001,0,15-Oct-2020 17:44:47,50000,10000,12,ff65e3f,94e9a02d,5dof,5dof,1,6008.21219,,1129992004,,0.0629223162991575,0.0432035806823477,,0.1,0.9939,0.01,9939,10,0.073330366331623,0.0949357644321318,61,planar,
1,pbary,0.0001,0,15-Oct-2020 17:41:04,50000,10000,12,ff65e3f,f46ca2c1,5dof,5dof,1,5933.813405,,1129971037,,0.0627420571505316,0.0428561985038205,,0.1,0.9932,0.01,9932,10,0.065864151781672,0.0894921055145624,68,planar,
1,pbary,0.0001,0,15-Oct-2020 17:26:44,50000,10000,12,ff65e3f,db39c286,5dof,5dof,1,5244.902656,,1129885596,,0.0627016502221851,0.0428483826776952,,0.1,0.9917,0.01,9917,10,0.0705150198047243,0.0965247961952776,83,planar,
1,pbary,0.0001,0,15-Oct-2020 17:22:52,50000,10000,12,ff65e3f,e64c94c2,5dof,5dof,1,5561.92045,,1129862235,,0.0635906708005917,0.0429983086084322,,0.1,0.9922,0.01,9922,10,0.072308811979486,0.107507307343472,78,planar,
1,pbary,0.0001,0,15-Oct-2020 17:40:04,50000,10000,12,ff65e3f,40c839ce,5dof,5dof,1,5979.661648,,1129964649,,0.062851842827178,0.0433278503439777,,0.1,0.9924,0.01,9924,10,0.0667682109959585,0.0892008913614819,76,planar,
1,pbary,0.0001,0,15-Oct-2020 17:28:59,50000,10000,12,ff65e3f,f8afcb93,5dof,5dof,1,5643.594131,,1129898781,,0.0630733880064395,0.0430921160091765,,0.1,0.9925,0.01,9925,10,0.0668975004200966,0.0927774694863355,75,planar,
1,pbary,0.0001,0,15-Oct-2020 17:26:18,50000,10000,12,ff65e3f,b9de0f78,5dof,5dof,1,6274.312371,,1129881426,,0.063354833105979,0.0433776817597909,,0.1,0.9921,0.01,9921,10,0.066473433443963,0.0861546766948114,79,planar,
1,pbary,0.0001,0,15-Oct-2020 17:09:30,5000,10000,12,ff65e3f,184c9eed,5dof,5dof,1,1141.123791,,1129785377,,0.0695502025490947,0.0494045210506036,,0.1,0.9723,0.01,9723,10,0.0747366740682903,0.101351165223998,277,planar,
1,pbary,0.0001,0,15-Oct-2020 17:07:58,5000,10000,12,ff65e3f,dc7c5950,5dof,5dof,1,1004.542344,,1129776560,,0.0710073420386024,0.0504109344644903,,0.1,0.9779,0.01,9779,10,0.0780964143488323,0.104543426344892,221,planar,
1,pbary,0.0001,0,15-Oct-2020 17:06:53,5000,10000,12,ff65e3f,37381b4a,5dof,5dof,1,1054.761286,,1129770411,,0.0724468964116574,0.0515962997043155,,0.1,0.9703,0.01,9703,10,0.0895714379071732,0.12397017156963,297,planar,
1,pbary,0.0001,0,15-Oct-2020 17:05:01,5000,10000,12,ff65e3f,4c515033,5dof,5dof,1,1079.970351,,1129758610,,0.0711576620029226,0.0504750408336623,,0.1,0.9697,0.01,9697,10,0.0794605292380311,0.110345796503132,303,planar,
1,pbary,0.0001,0,15-Oct-2020 17:06:19,5000,10000,12,ff65e3f,a40a36e0,5dof,5dof,1,1016.837774,,1129766681,,0.0715524079087592,0.0508927829238417,,0.1,0.9703,0.01,9703,10,0.0776296549142843,0.107928154048262,297,planar,
1,pbary,0.0001,0,15-Oct-2020 17:07:55,5000,10000,12,ff65e3f,1eb0a97e,5dof,5dof,1,963.773927,,1129776618,,0.0700497565269217,0.0497802701768188,,0.1,0.9759,0.01,9759,10,0.0743738973652037,0.106521542483612,241,planar,
1,pbary,0.0001,0,15-Oct-2020 17:05:14,5000,10000,12,ff65e3f,52c93ddf,5dof,5dof,1,914.058621,,1129760639,,0.0714470036053576,0.0506615200186472,,0.1,0.9766,0.01,9766,10,0.0810984078830546,0.113338724252294,234,planar,
1,pbary,0.0001,0,15-Oct-2020 17:07:54,5000,10000,12,ff65e3f,b3fc81be,5dof,5dof,1,964.481855,,1129776263,,0.0709035914391503,0.0507421991124084,,0.1,0.9709,0.01,9709,10,0.0766528604866555,0.106494079205483,291,planar,
1,pbary,0.0001,0,15-Oct-2020 17:05:21,5000,10000,12,ff65e3f,8fad2735,5dof,5dof,1,1026.621313,,1129760799,,0.0724602148477868,0.0512979092786182,,0.1,0.9702,0.01,9702,10,0.077931574922331,0.111851306700582,298,planar,
1,pbary,0.0001,0,15-Oct-2020 17:05:42,5000,10000,12,ff65e3f,1531a2dc,5dof,5dof,1,1021.079343,,1129762832,,0.0721283198126086,0.0511955177874828,,0.1,0.9706,0.01,9706,10,0.0801979950975729,0.111313345556709,294,planar,
1,pbary,0.0001,0,15-Oct-2020 16:48:30,500,10000,12,ff65e3f,3ff34e22,5dof,5dof,1,423.647888,,1129660323,,0.100886297126459,0.0714198120448756,,0.1,0.9073,0.01,9073,10,0.112366342900572,0.161130499021548,927,planar,
1,pbary,0.0001,0,15-Oct-2020 16:58:52,500,10000,12,ff65e3f,17a9b222,5dof,5dof,1,424.925828,,1129722140,,0.0965675720255832,0.0692809804511323,,0.1,0.8791,0.01,8791,10,0.0972307301745368,0.140861239752518,1209,planar,
1,pbary,0.0001,0,15-Oct-2020 16:46:23,500,10000,12,ff65e3f,24f20e91,5dof,5dof,1,537.856069,,1129647953,,0.101992662332083,0.0715061433867107,,0.1,0.8872,0.01,8872,10,0.101964855347208,0.152576935029425,1128,planar,
1,pbary,0.0001,0,15-Oct-2020 16:46:12,500,10000,12,ff65e3f,19c5fd76,5dof,5dof,1,442.726914,,1129647271,,0.102188039231661,0.0714562113112572,,0.1,0.8812,0.01,8812,10,0.0993739253537678,0.142491747784675,1188,planar,
1,pbary,0.0001,0,15-Oct-2020 16:59:19,500,10000,12,ff65e3f,8d645a43,5dof,5dof,1,539.916118,,1129725413,,0.0983216912027256,0.0685350464357028,,0.1,0.8724,0.01,8724,10,0.0946491484376507,0.137582914603242,1276,planar,
1,pbary,0.0001,0,15-Oct-2020 16:44:02,500,10000,12,ff65e3f,ce5acde8,5dof,5dof,1,412.621111,,1129634165,,0.0994804945863414,0.0696891117344563,,0.1,0.9157,0.01,9157,10,0.106104303567873,0.155050530726082,843,planar,
1,pbary,0.0001,0,15-Oct-2020 16:47:13,500,10000,12,ff65e3f,1dea999f,5dof,5dof,1,497.51502,,1129653188,,0.102009102705198,0.0722386236481214,,0.1,0.8769,0.01,8769,10,0.0979488803205271,0.142974858518988,1231,planar,
1,pbary,0.0001,0,15-Oct-2020 16:46:21,500,10000,12,ff65e3f,e9212510,5dof,5dof,1,400.348322,,1129647782,,0.10242719270822,0.0718147491803078,,0.1,0.9148,0.01,9148,10,0.106201150103724,0.153190658005218,852,planar,
1,pbary,0.0001,0,15-Oct-2020 17:01:12,500,10000,12,ff65e3f,c83dba3a,5dof,5dof,1,613.641547,,1129736411,,0.100777814966435,0.071201506711696,,0.1,0.8813,0.01,8813,10,0.102687110113628,0.146160571074469,1187,planar,
1,pbary,0.0001,0,15-Oct-2020 17:00:42,500,10000,12,ff65e3f,dd7d429f,5dof,5dof,1,431.703589,,1129734175,,0.100199738699208,0.0703997700856874,,0.1,0.8955,0.01,8955,10,0.104221180707808,0.154930759141939,1045,planar,
1,sphbary,0.0001,0,15-Oct-2020 17:11:12,10000,10000,12,ff65e3f,f4ac7196,5dof,5dof,1,1429.154958,,1129795129,,0.0667391562634356,0.0466949459107624,,0.2,0.9807,0.01,9807,10,0.0868380900971178,0.12480733020205,193,spherical,
1,sphbary,0.0001,0,15-Oct-2020 17:13:43,10000,10000,12,ff65e3f,c627e5f5,5dof,5dof,1,1807.452903,,1129809452,,0.06698377321105,0.0466390073878179,,0.2,0.9814,0.01,9814,10,0.0847162450621467,0.124808676038067,186,spherical,
1,sphbary,0.0001,0,15-Oct-2020 17:11:08,10000,10000,12,ff65e3f,608f7acb,5dof,5dof,1,1383.353432,,1129794813,,0.0677813599211258,0.0470388350982097,,0.2,0.9799,0.01,9799,10,0.0886921446084514,0.140739833957402,201,spherical,
1,sphbary,0.0001,0,15-Oct-2020 17:12:14,10000,10000,12,ff65e3f,3cb5aee4,5dof,5dof,1,1540.177379,,1129801534,,0.0667798777269542,0.0468332430149736,,0.2,0.9798,0.01,9798,10,0.0836567229441851,0.119427976691993,202,spherical,
1,sphbary,0.0001,0,15-Oct-2020 17:12:45,10000,10000,12,ff65e3f,43303e75,5dof,5dof,1,1840.996232,,1129803455,,0.0678931932194996,0.0470214511742183,,0.2,0.979,0.01,9790,10,0.0881453782373771,0.133377100410612,210,spherical,
1,sphbary,0.0001,0,15-Oct-2020 17:16:10,10000,10000,12,ff65e3f,ccf8961e,5dof,5dof,1,1467.402173,,1129825258,,0.0659214373559724,0.0461209638324281,,0.2,0.98,0.01,9800,10,0.0824675890310897,0.123473137506197,200,spherical,
1,sphbary,0.0001,0,15-Oct-2020 17:13:59,10000,10000,12,ff65e3f,e27f453a,5dof,5dof,1,1894.843393,,1129811149,,0.0660220125065125,0.0462796830713987,,0.2,0.9822,0.01,9822,10,0.0990676518905425,0.141315989096852,178,spherical,
1,sphbary,0.0001,0,15-Oct-2020 17:12:29,10000,10000,12,ff65e3f,80e9412e,5dof,5dof,1,1484.071676,,1129802893,,0.0673969965459068,0.0467982480041444,,0.2,0.98,0.01,9800,10,0.0929733800957149,0.134394661096996,200,spherical,
1,sphbary,0.0001,0,15-Oct-2020 17:11:06,10000,10000,12,ff65e3f,4d28351a,5dof,5dof,1,1550.818968,,1129795025,,0.067249359982431,0.0467328773813308,,0.2,0.9824,0.01,9824,10,0.106009868148841,0.162551457037909,176,spherical,
1,sphbary,0.0001,0,15-Oct-2020 17:09:57,10000,10000,12,ff65e3f,db327e4c,5dof,5dof,1,1371.877196,,1129788520,,0.0671150030944127,0.0465675311954129,,0.2,0.9818,0.01,9818,10,0.0949672709840875,0.138661754058727,182,spherical,
1,sphbary,0.0001,0,15-Oct-2020 16:46:24,1000,10000,12,ff65e3f,479094b7,5dof,5dof,1,650.586557,,1129647956,,0.093495162948972,0.0655543587939216,,0.2,0.9248,0.01,9248,10,0.11299618860938,0.165454628866881,752,spherical,
1,sphbary,0.0001,0,15-Oct-2020 17:00:07,1000,10000,12,ff65e3f,1034601f,5dof,5dof,1,513.678802,,1129730587,,0.0929230482620419,0.0654770285668165,,0.2,0.9326,0.01,9326,10,0.102811679376322,0.157554821774159,674,spherical,
1,sphbary,0.0001,0,15-Oct-2020 16:46:36,1000,10000,12,ff65e3f,61486ce1,5dof,5dof,1,769.864937,,1129648540,,0.0919823824413465,0.0648608675788361,,0.2,0.9268,0.01,9268,10,0.0923084651925117,0.138845829047104,732,spherical,
1,sphbary,0.0001,0,15-Oct-2020 16:57:18,1000,10000,12,ff65e3f,45388fe2,5dof,5dof,1,644.811074,,1129713085,,0.0897268225276409,0.0636414793522448,,0.2,0.9337,0.01,9337,10,0.0969130293443318,0.14018377959261,663,spherical,
1,sphbary,0.0001,0,15-Oct-2020 16:56:58,1000,10000,12,ff65e3f,cea6c89c,5dof,5dof,1,525.976941,,1129711282,,0.0909832383462316,0.0639534462789573,,0.2,0.9273,0.01,9273,10,0.0998332005385681,0.147881563829578,727,spherical,
1,sphbary,0.0001,0,15-Oct-2020 17:01:42,1000,10000,12,ff65e3f,f821dc59,5dof,5dof,1,706.648922,,1129739315,,0.0898984769574623,0.0637327157104724,,0.2,0.925,0.01,9250,10,0.104513424582977,0.150469811622633,750,spherical,
1,sphbary,0.0001,0,15-Oct-2020 16:59:04,1000,10000,12,ff65e3f,21bfa94a,5dof,5dof,1,529.305727,,1129724323,,0.0929637921762462,0.0658549938960574,,0.2,0.917,0.01,9170,10,0.100139050340577,0.145351180323139,830,spherical,
1,sphbary,0.0001,0,15-Oct-2020 16:48:30,1000,10000,12,ff65e3f,b350c25b,5dof,5dof,1,535.35221,,1129660319,,0.093303775729353,0.0658329595845528,,0.2,0.9309,0.01,9309,10,0.0983644254249593,0.143329538639484,691,spherical,
1,sphbary,0.0001,0,15-Oct-2020 16:48:19,1000,10000,12,ff65e3f,aaf955cc,5dof,5dof,1,702.062749,,1129659069,,0.0945858624467986,0.0661996567711316,,0.2,0.931,0.01,9310,10,0.0995372710136675,0.148987803501569,690,spherical,
1,sphbary,0.0001,0,15-Oct-2020 16:59:14,1000,10000,12,ff65e3f,6d86fb13,5dof,5dof,1,680.831937,,1129724355,,0.0929132967077024,0.0648780246115445,,0.2,0.9412,0.01,9412,10,0.1045561459345,0.156194349952583,588,spherical,
1,sphbary,0.0001,0,15-Oct-2020 16:51:24,100,10000,12,ff65e3f,3168ddc7,5dof,5dof,1,158.610433,,1129678496,,0.138348131467237,0.103116768457133,,0.2,0.8644,0.01,8644,10,0.10923935268991,0.158002519440744,1356,spherical,
1,sphbary,0.0001,0,15-Oct-2020 16:56:37,100,10000,12,ff65e3f,e3079ac4,5dof,5dof,1,207.035507,,1129709463,,0.129288616312663,0.0969469498667288,,0.2,0.8073,0.01,8073,10,0.118061709173501,0.163600804597113,1927,spherical,
1,sphbary,0.0001,0,15-Oct-2020 16:57:43,100,10000,12,ff65e3f,2f218bfe,5dof,5dof,1,200.523681,,1129716097,,0.133408923765001,0.0987270500484831,,0.2,0.8204,0.01,8204,10,0.117594505914196,0.171118658371673,1796,spherical,
1,sphbary,0.0001,0,15-Oct-2020 17:01:09,100,10000,12,ff65e3f,2037569b,5dof,5dof,1,163.473642,,1129736960,,0.138623772528111,0.10468863633586,,0.2,0.8296,0.01,8296,10,0.111438906395505,0.153870848518662,1704,spherical,
1,sphbary,0.0001,0,15-Oct-2020 16:48:33,100,10000,12,ff65e3f,32f3ce0d,5dof,5dof,1,168.511587,,1129660810,,0.139544818731777,0.100607540315198,,0.2,0.9026,0.01,9026,10,0.136518645039143,0.197518919168605,974,spherical,
1,sphbary,0.0001,0,15-Oct-2020 16:46:56,100,10000,12,ff65e3f,cda66a95,5dof,5dof,1,197.761449,,1129650581,,0.134347451048057,0.102448264580149,,0.2,0.8941,0.01,8941,10,0.119968809767367,0.169762245627631,1059,spherical,
1,sphbary,0.0001,0,15-Oct-2020 16:52:12,100,10000,12,ff65e3f,063ef1df,5dof,5dof,1,182.972404,,1129683146,,0.13590559568859,0.100320887120442,,0.2,0.8129,0.01,8129,10,0.117421513702882,0.166526096310304,1871,spherical,
1,sphbary,0.0001,0,15-Oct-2020 16:54:39,100,10000,12,ff65e3f,a503b2f8,5dof,5dof,1,163.798159,,1129697586,,0.134379669528537,0.0996238723803392,,0.2,0.8029,0.01,8029,10,0.115568619093593,0.164502440171976,1971,spherical,
1,sphbary,0.0001,0,15-Oct-2020 16:44:08,100,10000,12,ff65e3f,3778cec4,5dof,5dof,1,197.842462,,1129634401,,0.134763043627882,0.101921980312584,,0.2,0.8313,0.01,8313,10,0.113657835927911,0.156165695339952,1687,spherical,
1,sphbary,0.0001,0,15-Oct-2020 17:01:09,100,10000,12,ff65e3f,e81a9318,5dof,5dof,1,151.652998,,1129736897,,0.134767983768981,0.097733460248252,,0.2,0.8798,0.01,8798,10,0.126462565171135,0.184601895735874,1202,spherical,
1,sphbary,0.0001,0,15-Oct-2020 17:29:57,20000,10000,12,ff65e3f,05f56062,5dof,5dof,1,2448.853994,,1129906457,,0.0651296589582388,0.0453513715231198,,0.2,0.9883,0.01,9883,10,0.077642471702614,0.110765452015289,117,spherical,
1,sphbary,0.0001,0,15-Oct-2020 17:43:41,20000,10000,12,ff65e3f,40c8d401,5dof,5dof,1,2544.018357,,1129989132,,0.0651625585390321,0.0451878491464014,,0.2,0.9869,0.01,9869,10,0.0941711063152729,0.130267798204396,131,spherical,
1,sphbary,0.0001,0,15-Oct-2020 17:26:36,20000,10000,12,ff65e3f,04b3297a,5dof,5dof,1,2557.611509,,1129886952,,0.065103665919797,0.0451684886677083,,0.2,0.9893,0.01,9893,10,0.0720024605750297,0.118227240804196,107,spherical,
1,sphbary,0.0001,0,15-Oct-2020 17:38:58,20000,10000,12,ff65e3f,5e5c3ee0,5dof,5dof,1,2463.880353,,1129961242,,0.0657607915717662,0.0455902449825376,,0.2,0.988,0.01,9880,10,0.0851240274852041,0.116762466696958,120,spherical,
1,sphbary,0.0001,0,15-Oct-2020 17:25:46,20000,10000,12,ff65e3f,47480d33,5dof,5dof,1,2877.92022,,1129881223,,0.0650934114880198,0.044923459022456,,0.2,0.9881,0.01,9881,10,0.0849564345135843,0.135893383177638,119,spherical,
1,sphbary,0.0001,0,15-Oct-2020 17:36:48,20000,10000,12,ff65e3f,39739ccd,5dof,5dof,1,2623.032605,,1129948553,,0.0651060923957155,0.0453456765335412,,0.2,0.9877,0.01,9877,10,0.0812031448880295,0.121961368292081,123,spherical,
1,sphbary,0.0001,0,15-Oct-2020 17:28:32,20000,10000,12,ff65e3f,825d592f,5dof,5dof,1,2584.506861,,1129898770,,0.0648492343376264,0.045073548074352,,0.2,0.9893,0.01,9893,10,0.089303216057846,0.132250629906101,107,spherical,
1,sphbary,0.0001,0,15-Oct-2020 17:36:23,20000,10000,12,ff65e3f,4bb2003c,5dof,5dof,1,2243.483701,,1129946064,,0.0646554050750836,0.0449211781135803,,0.2,0.9904,0.01,9904,10,0.0925386704805426,0.134287932711041,96,spherical,
1,sphbary,0.0001,0,15-Oct-2020 17:22:25,20000,10000,12,ff65e3f,634acd15,5dof,5dof,1,2375.302641,,1129862202,,0.0647549199711286,0.044983648188564,,0.2,0.9872,0.01,9872,10,0.0796889222119712,0.108585881802712,128,spherical,
1,sphbary,0.0001,0,15-Oct-2020 17:23:39,20000,10000,12,ff65e3f,b97e5b9d,5dof,5dof,1,2621.701492,,1129868737,,0.064891063301359,0.0450638151197442,,0.2,0.9864,0.01,9864,10,0.0732874615156979,0.108116645828622,136,spherical,
1,sphbary,0.0001,0,15-Oct-2020 17:04:13,388,10000,12,ff65e3f,8a1a277a,5dof,5dof,1,414.478447,,1129755027,,0.112314315831483,0.076385003559726,,0.2,0.8749,0.01,8749,10,0.111035548191596,0.162735254397903,1251,spherical,
1,sphbary,0.0001,0,15-Oct-2020 17:03:53,388,10000,12,ff65e3f,0c2ebda4,5dof,5dof,1,419.154436,,1129752951,,0.110402349668402,0.0757128614279201,,0.2,0.8711,0.01,8711,10,0.109411352240425,0.159586658021411,1289,spherical,
1,sphbary,0.0001,0,15-Oct-2020 16:52:02,388,10000,12,ff65e3f,ae4ae5f4,5dof,5dof,1,570.615811,,1129681096,,0.106495172468005,0.0744256877271238,,0.2,0.8723,0.01,8723,10,0.10917869975117,0.151618798174024,1277,spherical,
1,sphbary,0.0001,0,15-Oct-2020 16:53:31,388,10000,12,ff65e3f,49dea23c,5dof,5dof,1,356.20811,,1129691169,,0.110194561280674,0.0764332152816872,,0.2,0.9015,0.01,9015,10,0.110761581770288,0.159130160784956,985,spherical,
1,sphbary,0.0001,0,15-Oct-2020 17:02:43,388,10000,12,ff65e3f,560c9a65,5dof,5dof,1,561.173206,,1129745293,,0.110485099016141,0.0760729766837959,,0.2,0.8745,0.01,8745,10,0.111254228429888,0.159872663810953,1255,spherical,
1,sphbary,0.0001,0,15-Oct-2020 17:03:15,388,10000,12,ff65e3f,4695cc6d,5dof,5dof,1,415.878611,,1129749183,,0.109619619543357,0.0755667868862274,,0.2,0.864,0.01,8640,10,0.105027040408049,0.151126281190788,1360,spherical,
1,sphbary,0.0001,0,15-Oct-2020 16:52:07,388,10000,12,ff65e3f,7322afec,5dof,5dof,1,414.446449,,1129682811,,0.109577174382553,0.0757934788667899,,0.2,0.86,0.01,8600,10,0.105678922980462,0.151667478295018,1400,spherical,
1,sphbary,0.0001,0,15-Oct-2020 17:02:53,388,10000,12,ff65e3f,75786747,5dof,5dof,1,395.122204,,1129747319,,0.111727930459098,0.0780447460756849,,0.2,0.8669,0.01,8669,10,0.116262865193805,0.167544444012271,1331,spherical,
1,sphbary,0.0001,0,15-Oct-2020 16:59:20,388,10000,12,ff65e3f,5081d800,5dof,5dof,1,502.278172,,1129725490,,0.111489739229534,0.0762379793797567,,0.2,0.8476,0.01,8476,10,0.112707631106915,0.165725997944748,1524,spherical,
1,sphbary,0.0001,0,15-Oct-2020 16:48:28,388,10000,12,ff65e3f,d81be4e6,5dof,5dof,1,389.723203,,1129660301,,0.107867871218619,0.0762890807465993,,0.2,0.9003,0.01,9003,10,0.105385207331218,0.151602814390054,997,spherical,
1,sphbary,0.0001,0,15-Oct-2020 17:24:46,50000,10000,12,ff65e3f,e4d3aabf,5dof,5dof,1,6132.647316,,1129871682,,0.0635866965415419,0.0431272595305164,,0.2,0.9924,0.01,9924,10,0.0758761418219912,0.104671166354709,76,spherical,
1,sphbary,0.0001,0,15-Oct-2020 17:34:52,50000,10000,12,ff65e3f,546dfd2c,5dof,5dof,1,5301.795851,,1129934371,,0.0647993154924836,0.0438625920455862,,0.2,0.9933,0.01,9933,10,0.0956787324161639,0.130292261311119,67,spherical,
1,sphbary,0.0001,0,15-Oct-2020 17:18:38,50000,10000,12,ff65e3f,b22d911a,5dof,5dof,1,7059.88189,,1129833866,,0.0626625613987222,0.0429553648242056,,0.2,0.9936,0.01,9936,10,0.084454649710627,0.11764000897385,64,spherical,
1,sphbary,0.0001,0,15-Oct-2020 17:30:29,50000,10000,12,ff65e3f,8b993ff6,5dof,5dof,1,5939.40779,,1129906493,,0.0632051559923331,0.0432818889437769,,0.2,0.9925,0.01,9925,10,0.0855787651444375,0.117808837969233,75,spherical,
1,sphbary,0.0001,0,15-Oct-2020 17:25:31,50000,10000,12,ff65e3f,b5eac4e0,5dof,5dof,1,5609.500667,,1129876187,,0.0625611510621989,0.0426939880142758,,0.2,0.993,0.01,9930,10,0.0928513791946349,0.121613878247904,70,spherical,
1,sphbary,0.0001,0,15-Oct-2020 17:43:27,50000,10000,12,ff65e3f,bbf6f90d,5dof,5dof,1,5536.250794,,1129984010,,0.0628383007826328,0.0428324694201184,,0.2,0.9929,0.01,9929,10,0.0717059060369157,0.10480216535757,71,spherical,
1,sphbary,0.0001,0,15-Oct-2020 17:40:15,50000,10000,12,ff65e3f,1d183cde,5dof,5dof,1,5596.123889,,1129965992,,0.0625583746962498,0.0433171733861043,,0.2,0.9914,0.01,9914,10,0.0811300071242751,0.111367942975929,86,spherical,
1,sphbary,0.0001,0,15-Oct-2020 17:26:59,50000,10000,12,ff65e3f,2f3260b2,5dof,5dof,1,5480.425837,,1129886938,,0.062243605749007,0.0424772159315979,,0.2,0.9915,0.01,9915,10,0.0735873081545522,0.0998981241035461,85,spherical,
1,sphbary,0.0001,0,15-Oct-2020 17:26:08,50000,10000,12,ff65e3f,037bcb38,5dof,5dof,1,6069.921301,,1129881569,,0.0618444358734023,0.0427176748792043,,0.2,0.994,0.01,9940,10,0.0676284310537046,0.0895644204807849,60,spherical,
1,sphbary,0.0001,0,15-Oct-2020 17:40:36,50000,10000,12,ff65e3f,0e52e8d0,5dof,5dof,1,6046.397708,,1129967017,,0.0628500306307996,0.0429049579263169,,0.2,0.9938,0.01,9938,10,0.0650875634795176,0.093895295498871,62,spherical,
1,sphbary,0.0001,0,15-Oct-2020 17:09:19,5000,10000,12,ff65e3f,2f422e3c,5dof,5dof,1,934.915479,,1129784898,,0.0713954428485765,0.0508558939732062,,0.2,0.9721,0.01,9721,10,0.0879577158863088,0.123956649612737,279,spherical,
1,sphbary,0.0001,0,15-Oct-2020 17:06:55,5000,10000,12,ff65e3f,d8fa8837,5dof,5dof,1,1013.670387,,1129770459,,0.0707469462882607,0.0502761906161111,,0.2,0.9732,0.01,9732,10,0.0809392678854388,0.112609188518324,268,spherical,
1,sphbary,0.0001,0,15-Oct-2020 17:05:01,5000,10000,12,ff65e3f,b197e605,5dof,5dof,1,1052.76558,,1129758605,,0.0705888708780448,0.0499058799365164,,0.2,0.9759,0.01,9759,10,0.0823372089508464,0.11635971617616,241,spherical,
1,sphbary,0.0001,0,15-Oct-2020 17:09:17,5000,10000,12,ff65e3f,0779f88d,5dof,5dof,1,911.694874,,1129784783,,0.0713727008492152,0.0507442575007435,,0.2,0.9731,0.01,9731,10,0.088038532275157,0.127308613418613,269,spherical,
1,sphbary,0.0001,0,15-Oct-2020 17:04:49,5000,10000,12,ff65e3f,1b0c0ecb,5dof,5dof,1,929.741709,,1129757943,,0.0710294333849425,0.0503988833182491,,0.2,0.9725,0.01,9725,10,0.0861204887376472,0.120279431177747,275,spherical,
1,sphbary,0.0001,0,15-Oct-2020 17:10:28,5000,10000,12,ff65e3f,dd0e6262,5dof,5dof,1,1215.796495,,1129790686,,0.0712577619288628,0.050350434765306,,0.2,0.9738,0.01,9738,10,0.0893722371130025,0.128686475670865,262,spherical,
1,sphbary,0.0001,0,15-Oct-2020 17:05:02,5000,10000,12,ff65e3f,da2de49d,5dof,5dof,1,1008.10699,,1129758541,,0.0706299961912221,0.0500481165399528,,0.2,0.9697,0.01,9697,10,0.0857147093265165,0.120847731375595,303,spherical,
1,sphbary,0.0001,0,15-Oct-2020 17:08:59,5000,10000,12,ff65e3f,8cb73cf1,5dof,5dof,1,1094.041923,,1129782790,,0.0717288014883786,0.0510712726463176,,0.2,0.9669,0.01,9669,10,0.081870763704154,0.118061723086271,331,spherical,
1,sphbary,0.0001,0,15-Oct-2020 17:07:23,5000,10000,12,ff65e3f,084b50d1,5dof,5dof,1,920.63885,,1129772839,,0.0719536002509492,0.0507993851289955,,0.2,0.9734,0.01,9734,10,0.0907593794316391,0.124982711045282,266,spherical,
1,sphbary,0.0001,0,15-Oct-2020 17:04:57,5000,10000,12,ff65e3f,4981cca9,5dof,5dof,1,929.88061,,1129758375,,0.0718572240546465,0.0507864162151494,,0.2,0.9751,0.01,9751,10,0.0838461698240144,0.119318520531389,249,spherical,
1,sphbary,0.0001,0,15-Oct-2020 17:01:15,500,10000,12,ff65e3f,e0e02d41,5dof,5dof,1,511.80028,,1129737273,,0.105363170478857,0.0732464027577073,,0.2,0.8884,0.01,8884,10,0.109904275915497,0.160451808746853,1116,spherical,
1,sphbary,0.0001,0,15-Oct-2020 16:58:39,500,10000,12,ff65e3f,b5216770,5dof,5dof,1,603.561381,,1129720852,,0.10349615010893,0.0724836860990396,,0.2,0.8733,0.01,8733,10,0.104925561469186,0.148406787418136,1267,spherical,
1,sphbary,0.0001,0,15-Oct-2020 17:02:16,500,10000,12,ff65e3f,a7d07557,5dof,5dof,1,511.433151,,1129743216,,0.101081367245832,0.0710864521157715,,0.2,0.8869,0.01,8869,10,0.106842560227428,0.158725699125911,1131,spherical,
1,sphbary,0.0001,0,15-Oct-2020 16:57:12,500,10000,12,ff65e3f,a28346a8,5dof,5dof,1,420.68408,,1129712868,,0.104223498275511,0.0724690827189968,,0.2,0.9022,0.01,9022,10,0.113841526276644,0.166819278412758,978,spherical,
1,sphbary,0.0001,0,15-Oct-2020 16:56:36,500,10000,12,ff65e3f,9c2f4735,5dof,5dof,1,416.25861,,1129709241,,0.103144578833932,0.0727481252395728,,0.2,0.8934,0.01,8934,10,0.106487058536169,0.150263069736568,1066,spherical,
1,sphbary,0.0001,0,15-Oct-2020 16:59:29,500,10000,12,ff65e3f,922cacf4,5dof,5dof,1,428.277682,,1129726303,,0.101594070796895,0.0704210340294402,,0.2,0.8979,0.01,8979,10,0.0972675306351124,0.147131158694598,1021,spherical,
1,sphbary,0.0001,0,15-Oct-2020 16:56:11,500,10000,12,ff65e3f,36b88404,5dof,5dof,1,473.605307,,1129706680,,0.105903593319035,0.0718443070361448,,0.2,0.8931,0.01,8931,10,0.108888796370544,0.162616235700516,1069,spherical,
1,sphbary,0.0001,0,15-Oct-2020 16:48:29,500,10000,12,ff65e3f,607b8164,5dof,5dof,1,430.205878,,1129660300,,0.102456686939906,0.0714096075403756,,0.2,0.9037,0.01,9037,10,0.121405328502986,0.180270887776205,963,spherical,
1,sphbary,0.0001,0,15-Oct-2020 16:54:39,500,10000,12,ff65e3f,5540cc82,5dof,5dof,1,453.94269,,1129697586,,0.103745607580026,0.0712536417774426,,0.2,0.884,0.01,8840,10,0.11386512476716,0.173855038290817,1160,spherical,
1,sphbary,0.0001,0,15-Oct-2020 16:46:38,500,10000,12,ff65e3f,692d1751,5dof,5dof,1,635.436444,,1129648693,,0.100892084999723,0.0706116059081123,,0.2,0.8867,0.01,8867,10,0.104116707384192,0.155974940352383,1133,spherical,
1,sphgpr,0.0001,0,15-Oct-2020 16:45:46,10000,10000,12,ff65e3f,f11ad7fb,5dof,5dof,0,252.826642,,1129643838,,0.0557880819083592,0.0391604415116484,exact,NaN,NaN,NaN,NaN,NaN,NaN,NaN,NaN,,
1,sphgpr,0.0001,0,15-Oct-2020 16:36:25,10000,10000,12,ff65e3f,4a55707f,5dof,5dof,0,324.114603,,1129586279,,0.055830036784078,0.0388079881536922,exact,NaN,NaN,NaN,NaN,NaN,NaN,NaN,NaN,,
1,sphgpr,0.0001,0,15-Oct-2020 16:36:24,10000,10000,12,ff65e3f,1faf5bfa,5dof,5dof,0,327.959169,,1129586247,,0.0558215949743636,0.0389682847350724,exact,NaN,NaN,NaN,NaN,NaN,NaN,NaN,NaN,,
1,sphgpr,0.0001,0,15-Oct-2020 16:36:02,10000,10000,12,ff65e3f,de042712,5dof,5dof,0,265.381946,,1129584961,,0.0555113159661509,0.0388587821532008,exact,NaN,NaN,NaN,NaN,NaN,NaN,NaN,NaN,,
1,sphgpr,0.0001,0,15-Oct-2020 16:49:22,10000,10000,12,ff65e3f,b352ba6e,5dof,5dof,0,346.419879,,1129665360,,0.0562626130875239,0.0394287662042524,exact,NaN,NaN,NaN,NaN,NaN,NaN,NaN,NaN,,
1,sphgpr,0.0001,0,15-Oct-2020 16:40:57,10000,10000,12,ff65e3f,d1b199df,5dof,5dof,0,259.081562,,1129615066,,0.0561167217465692,0.0395160667815772,exact,NaN,NaN,NaN,NaN,NaN,NaN,NaN,NaN,,
1,sphgpr,0.0001,0,15-Oct-2020 16:42:27,10000,10000,12,ff65e3f,97820b52,5dof,5dof,0,333.777375,,1129623457,,0.0562721655157601,0.039481855629556,exact,NaN,NaN,NaN,NaN,NaN,NaN,NaN,NaN,,
1,sphgpr,0.0001,0,15-Oct-2020 16:45:47,10000,10000,12,ff65e3f,d7fa7692,5dof,5dof,0,272.850617,,1129643831,,0.0560248084068281,0.0393074925938919,exact,NaN,NaN,NaN,NaN,NaN,NaN,NaN,NaN,,
1,sphgpr,0.0001,0,15-Oct-2020 16:43:09,10000,10000,12,ff65e3f,86ad4a2b,5dof,5dof,0,341.666826,,1129627714,,0.0564402622129372,0.0396612372281398,exact,NaN,NaN,NaN,NaN,NaN,NaN,NaN,NaN,,
1,sphgpr,0.0001,0,15-Oct-2020 16:49:14,10000,10000,12,ff65e3f,fce433ef,5dof,5dof,0,315.309259,,1129664479,,0.0557061757870067,0.0391486242354057,exact,NaN,NaN,NaN,NaN,NaN,NaN,NaN,NaN,,
1,sphgpr,0.0001,0,15-Oct-2020 16:37:21,1000,10000,12,ff65e3f,40dcc861,5dof,5dof,0,58.309444,,1129593733,,0.0699458996005343,0.0499818684621946,exact,NaN,NaN,NaN,NaN,NaN,NaN,NaN,NaN,,
1,sphgpr,0.0001,0,15-Oct-2020 16:36:42,1000,10000,12,ff65e3f,449bbfae,5dof,5dof,0,54.711304,,1129589141,,0.0726292473273157,0.0510864647863946,exact,NaN,NaN,NaN,NaN,NaN,NaN,NaN,NaN,,
1,sphgpr,0.0001,0,15-Oct-2020 16:37:49,1000,10000,12,ff65e3f,ea563b10,5dof,5dof,0,51.698947,,1129597317,,0.0709469716370273,0.0507656365655018,exact,NaN,NaN,NaN,NaN,NaN,NaN,NaN,NaN,,
1,sphgpr,0.0001,0,15-Oct-2020 16:37:30,1000,10000,12,ff65e3f,f50fbeab,5dof,5dof,0,52.479545,,1129595170,,0.0697334912542534,0.048996935257857,exact,NaN,NaN,NaN,NaN,NaN,NaN,NaN,NaN,,
1,sphgpr,0.0001,0,15-Oct-2020 16:36:42,1000,10000,12,ff65e3f,332db6f3,5dof,5dof,0,53.054156,,1129590451,,0.0693899403866788,0.0496773753841278,exact,NaN,NaN,NaN,NaN,NaN,NaN,NaN,NaN,,
1,sphgpr,0.0001,0,15-Oct-2020 16:37:40,1000,10000,12,ff65e3f,c45d4206,5dof,5dof,0,56.269877,,1129596280,,0.0707719642645006,0.0508194751840964,exact,NaN,NaN,NaN,NaN,NaN,NaN,NaN,NaN,,
1,sphgpr,0.0001,0,15-Oct-2020 16:38:12,1000,10000,12,ff65e3f,71921f4a,5dof,5dof,0,64.456228,,1129599571,,0.0727177239106296,0.0517718074371599,exact,NaN,NaN,NaN,NaN,NaN,NaN,NaN,NaN,,
1,sphgpr,0.0001,0,15-Oct-2020 16:36:42,1000,10000,12,ff65e3f,e66987e8,5dof,5dof,0,56.001652,,1129589141,,0.0726292473273157,0.0510864647863946,exact,NaN,NaN,NaN,NaN,NaN,NaN,NaN,NaN,,
1,sphgpr,0.0001,0,15-Oct-2020 16:37:12,1000,10000,12,ff65e3f,55c6a7bc,5dof,5dof,0,52.673466,,1129592528,,0.0708635449072612,0.0508437981530993,exact,NaN,NaN,NaN,NaN,NaN,NaN,NaN,NaN,,
1,sphgpr,0.0001,0,15-Oct-2020 16:37:19,1000,10000,12,ff65e3f,3d5ef6c8,5dof,5dof,0,53.790393,,1129594264,,0.0714494054551753,0.050866437756689,exact,NaN,NaN,NaN,NaN,NaN,NaN,NaN,NaN,,
1,sphgpr,0.0001,0,15-Oct-2020 16:36:38,100,10000,12,ff65e3f,235e52f2,5dof,5dof,0,2.387979,,1129590260,,0.129659556075101,0.0963342698270241,exact,NaN,NaN,NaN,NaN,NaN,NaN,NaN,NaN,,
1,sphgpr,0.0001,0,15-Oct-2020 16:38:50,100,10000,12,ff65e3f,4e4e22fb,5dof,5dof,0,5.310105,,1129603494,,0.111100634138923,0.0809163749465221,exact,NaN,NaN,NaN,NaN,NaN,NaN,NaN,NaN,,
1,sphgpr,0.0001,0,15-Oct-2020 16:37:09,100,10000,12,ff65e3f,6fc30e55,5dof,5dof,0,2.192093,,1129592501,,0.129659556075074,0.0963342698270169,exact,NaN,NaN,NaN,NaN,NaN,NaN,NaN,NaN,,
1,sphgpr,0.0001,0,15-Oct-2020 16:38:03,100,10000,12,ff65e3f,80033972,5dof,5dof,0,2.335722,,1129598077,,0.117753315332049,0.0841855287302014,exact,NaN,NaN,NaN,NaN,NaN,NaN,NaN,NaN,,
1,sphgpr,0.0001,0,15-Oct-2020 16:38:02,100,10000,12,ff65e3f,8bbab45e,5dof,5dof,0,2.303113,,1129597897,,0.129659556075074,0.0963342698270172,exact,NaN,NaN,NaN,NaN,NaN,NaN,NaN,NaN,,
1,sphgpr,0.0001,0,15-Oct-2020 16:39:10,100,10000,12,ff65e3f,a87d4bb9,5dof,5dof,0,2.17378,,1129604987,,0.129659556075074,0.0963342698270174,exact,NaN,NaN,NaN,NaN,NaN,NaN,NaN,NaN,,
1,sphgpr,0.0001,0,15-Oct-2020 16:38:45,100,10000,12,ff65e3f,971e5592,5dof,5dof,0,2.261164,,1129602736,,0.129659556075765,0.0963342698285561,exact,NaN,NaN,NaN,NaN,NaN,NaN,NaN,NaN,,
1,sphgpr,0.0001,0,15-Oct-2020 16:38:39,100,10000,12,ff65e3f,579cfdc2,5dof,5dof,0,3.447056,,1129602145,,0.117204549079472,0.0868636868339609,exact,NaN,NaN,NaN,NaN,NaN,NaN,NaN,NaN,,
1,sphgpr,0.0001,0,15-Oct-2020 16:38:31,100,10000,12,ff65e3f,cadec465,5dof,5dof,0,2.211322,,1129601518,,0.129659556074952,0.0963342698269275,exact,NaN,NaN,NaN,NaN,NaN,NaN,NaN,NaN,,
1,sphgpr,0.0001,0,15-Oct-2020 16:38:43,100,10000,12,ff65e3f,4d957314,5dof,5dof,0,2.095784,,1129602478,,0.129659556069944,0.0963342700345574,exact,NaN,NaN,NaN,NaN,NaN,NaN,NaN,NaN,,
1,sphgpr,0.0001,0,15-Oct-2020 16:37:02,20000,10000,12,ff65e3f,e23face2,5dof,5dof,0,600.676489,,1129588026,,0.0558381087758639,0.0386016462859351,exact,NaN,NaN,NaN,NaN,NaN,NaN,NaN,NaN,,
1,sphgpr,0.0001,0,15-Oct-2020 16:44:02,20000,10000,12,ff65e3f,63da2c4f,5dof,5dof,0,576.935505,,1129630681,,0.0559060000935584,0.038693353183897,exact,NaN,NaN,NaN,NaN,NaN,NaN,NaN,NaN,,
1,sphgpr,0.0001,0,15-Oct-2020 16:43:02,20000,10000,12,ff65e3f,de9e8c6b,5dof,5dof,0,615.991869,,1129624919,,0.055801080514862,0.0385388984811115,exact,NaN,NaN,NaN,NaN,NaN,NaN,NaN,NaN,,
1,sphgpr,0.0001,0,15-Oct-2020 16:37:01,20000,10000,12,ff65e3f,ccc8d143,5dof,5dof,0,570.379452,,1129588021,,0.0562720236282137,0.03894920977633,exact,NaN,NaN,NaN,NaN,NaN,NaN,NaN,NaN,,
1,sphgpr,0.0001,0,15-Oct-2020 16:43:38,20000,10000,12,ff65e3f,f31762d5,5dof,5dof,0,515.589007,,1129629468,,0.056041739612051,0.0387895645987733,exact,NaN,NaN,NaN,NaN,NaN,NaN,NaN,NaN,,
1,sphgpr,0.0001,0,15-Oct-2020 16:44:43,20000,10000,12,ff65e3f,c63de0ea,5dof,5dof,0,667.513264,,1129634462,,0.056101030567523,0.0388970894914092,exact,NaN,NaN,NaN,NaN,NaN,NaN,NaN,NaN,,
1,sphgpr,0.0001,0,15-Oct-2020 16:36:58,20000,10000,12,ff65e3f,1ca2caa3,5dof,5dof,0,525.664317,,1129588021,,0.0562720236282137,0.03894920977633,exact,NaN,NaN,NaN,NaN,NaN,NaN,NaN,NaN,,
1,sphgpr,0.0001,0,15-Oct-2020 16:37:01,20000,10000,12,ff65e3f,21be385b,5dof,5dof,0,567.479499,,1129588021,,0.0562720236282137,0.03894920977633,exact,NaN,NaN,NaN,NaN,NaN,NaN,NaN,NaN,,
1,sphgpr,0.0001,0,15-Oct-2020 16:37:00,20000,10000,12,ff65e3f,dbefa2df,5dof,5dof,0,540.971082,,1129587852,,0.0563346160809634,0.0391029481742868,exact,NaN,NaN,NaN,NaN,NaN,NaN,NaN,NaN,,
1,sphgpr,0.0001,0,15-Oct-2020 16:44:24,20000,10000,12,ff65e3f,12385398,5dof,5dof,0,442.181004,,1129634010,,0.0559286930036766,0.0387874163576906,exact,NaN,NaN,NaN,NaN,NaN,NaN,NaN,NaN,,
1,sphgpr,0.0001,0,15-Oct-2020 16:36:41,388,10000,12,ff65e3f,e3b0a8cd,5dof,5dof,0,12.836093,,1129589138,,0.0937586050101845,0.0643648471159944,exact,NaN,NaN,NaN,NaN,NaN,NaN,NaN,NaN,,
1,sphgpr,0.0001,0,15-Oct-2020 16:38:03,388,10000,12,ff65e3f,c4a0e09d,5dof,5dof,0,12.746787,,1129598417,,0.0918498473178614,0.0643800090097651,exact,NaN,NaN,NaN,NaN,NaN,NaN,NaN,NaN,,
1,sphgpr,0.0001,0,15-Oct-2020 16:37:31,388,10000,12,ff65e3f,1ba08911,5dof,5dof,0,11.091831,,1129595320,,0.0910080367409744,0.0648711749210038,exact,NaN,NaN,NaN,NaN,NaN,NaN,NaN,NaN,,
1,sphgpr,0.0001,0,15-Oct-2020 16:36:41,388,10000,12,ff65e3f,4a15c8d3,5dof,5dof,0,13.051735,,1129589142,,0.130421906897945,0.094846648989274,exact,NaN,NaN,NaN,NaN,NaN,NaN,NaN,NaN,,
1,sphgpr,0.0001,0,15-Oct-2020 16:38:01,388,10000,12,ff65e3f,489fb5c5,5dof,5dof,0,11.603877,,1129598436,,0.0859022503755798,0.0613460458819389,exact,NaN,NaN,NaN,NaN,NaN,NaN,NaN,NaN,,
1,sphgpr,0.0001,0,15-Oct-2020 16:36:58,388,10000,12,ff65e3f,e3c16a9b,5dof,5dof,0,13.786627,,1129592278,,0.0899235636199408,0.0634546297760815,exact,NaN,NaN,NaN,NaN,NaN,NaN,NaN,NaN,,
1,sphgpr,0.0001,0,15-Oct-2020 16:39:48,388,10000,12,ff65e3f,a431cdeb,5dof,5dof,0,11.321363,,1129608937,,0.0882334650259792,0.0636809892263668,exact,NaN,NaN,NaN,NaN,NaN,NaN,NaN,NaN,,
1,sphgpr,0.0001,0,15-Oct-2020 16:37:10,388,10000,12,ff65e3f,6a8b2e15,5dof,5dof,0,10.807027,,1129592467,,0.128442312488893,0.0952345048200174,exact,NaN,NaN,NaN,NaN,NaN,NaN,NaN,NaN,,
1,sphgpr,0.0001,0,15-Oct-2020 16:36:20,388,10000,12,ff65e3f,6c72092c,5dof,5dof,0,9.977458,,1129587944,,0.0877289834380183,0.0631807841199082,exact,NaN,NaN,NaN,NaN,NaN,NaN,NaN,NaN,,
1,sphgpr,0.0001,0,15-Oct-2020 16:37:07,388,10000,12,ff65e3f,3dea9ed5,5dof,5dof,0,14.111201,,1129593138,,0.128442312569169,0.0952345048827697,exact,NaN,NaN,NaN,NaN,NaN,NaN,NaN,NaN,,
1,sphgpr,0.0001,0,15-Oct-2020 16:44:32,50000,10000,12,ff65e3f,f330c6d9,5dof,5dof,0,1903.84299,,1129630531,,0.0566430481390111,0.03881466014557,exact,NaN,NaN,NaN,NaN,NaN,NaN,NaN,NaN,,
1,sphgpr,0.0001,0,15-Oct-2020 16:37:36,50000,10000,12,ff65e3f,f6f58741,5dof,5dof,0,2224.195465,,1129588047,,0.0569967470938608,0.0389761788837581,exact,NaN,NaN,NaN,NaN,NaN,NaN,NaN,NaN,,
1,sphgpr,0.0001,0,15-Oct-2020 16:37:38,50000,10000,12,ff65e3f,b2b50e4c,5dof,5dof,0,2190.116945,,1129587877,,0.0567063014513461,0.0389263342297076,exact,NaN,NaN,NaN,NaN,NaN,NaN,NaN,NaN,,
1,sphgpr,0.0001,0,15-Oct-2020 16:43:39,50000,10000,12,ff65e3f,a4e1d36c,5dof,5dof,0,1857.560944,,1129625063,,0.0567260514144241,0.0388501276318536,exact,NaN,NaN,NaN,NaN,NaN,NaN,NaN,NaN,,
1,sphgpr,0.0001,0,15-Oct-2020 16:43:40,50000,10000,12,ff65e3f,e83b6f5f,5dof,5dof,0,2652.688707,,1129623521,,0.0566957698012891,0.0388113756556245,exact,NaN,NaN,NaN,NaN,NaN,NaN,NaN,NaN,,
1,sphgpr,0.0001,0,15-Oct-2020 16:40:30,50000,10000,12,ff65e3f,31748437,5dof,5dof,0,2424.840767,,1129608130,,0.0565381329485098,0.0387216748303452,exact,NaN,NaN,NaN,NaN,NaN,NaN,NaN,NaN,,
1,sphgpr,0.0001,0,15-Oct-2020 16:37:40,50000,10000,12,ff65e3f,041e5373,5dof,5dof,0,2177.703224,,1129587880,,0.0567516511680719,0.0388806483176092,exact,NaN,NaN,NaN,NaN,NaN,NaN,NaN,NaN,,
1,sphgpr,0.0001,0,15-Oct-2020 16:41:47,50000,10000,12,ff65e3f,9b039fd4,5dof,5dof,0,2706.186922,,1129615553,,0.056384597013744,0.0385658413783211,exact,NaN,NaN,NaN,NaN,NaN,NaN,NaN,NaN,,
1,sphgpr,0.0001,0,15-Oct-2020 16:41:35,50000,10000,12,ff65e3f,13f8d57c,5dof,5dof,0,2702.305595,,1129614009,,0.056783174683132,0.0388443213016846,exact,NaN,NaN,NaN,NaN,NaN,NaN,NaN,NaN,,
1,sphgpr,0.0001,0,15-Oct-2020 16:43:40,50000,10000,12,ff65e3f,fd5432d0,5dof,5dof,0,2625.726533,,1129623524,,0.0569302676010048,0.0389146482279138,exact,NaN,NaN,NaN,NaN,NaN,NaN,NaN,NaN,,
1,sphgpr,0.0001,0,15-Oct-2020 16:40:47,5000,10000,12,ff65e3f,a31ffa25,5dof,5dof,0,218.266916,,1129614657,,0.0599558506892583,0.0417316639542521,exact,NaN,NaN,NaN,NaN,NaN,NaN,NaN,NaN,,
1,sphgpr,0.0001,0,15-Oct-2020 16:49:53,5000,10000,12,ff65e3f,78f1044a,5dof,5dof,0,238.792788,,1129669062,,0.0601123511513929,0.0420880943036004,exact,NaN,NaN,NaN,NaN,NaN,NaN,NaN,NaN,,
1,sphgpr,0.0001,0,15-Oct-2020 16:39:53,5000,10000,12,ff65e3f,1df14f72,5dof,5dof,0,224.030575,,1129609289,,0.0598446237390572,0.041846366130584,exact,NaN,NaN,NaN,NaN,NaN,NaN,NaN,NaN,,
1,sphgpr,0.0001,0,15-Oct-2020 16:36:49,5000,10000,12,ff65e3f,d6b8bce7,5dof,5dof,0,219.408041,,1129589149,,0.0572400408438111,0.0401671976406808,exact,NaN,NaN,NaN,NaN,NaN,NaN,NaN,NaN,,
1,sphgpr,0.0001,0,15-Oct-2020 16:35:57,5000,10000,12,ff65e3f,1c61853b,5dof,5dof,0,180.192411,,1129584965,,0.0579177088088622,0.0409633507386042,exact,NaN,NaN,NaN,NaN,NaN,NaN,NaN,NaN,,
1,sphgpr,0.0001,0,15-Oct-2020 16:38:20,5000,10000,12,ff65e3f,0f89d15a,5dof,5dof,0,200.837187,,1129599774,,0.0586506610782199,0.0409390622801659,exact,NaN,NaN,NaN,NaN,NaN,NaN,NaN,NaN,,
1,sphgpr,0.0001,0,15-Oct-2020 16:40:55,5000,10000,12,ff65e3f,23c31737,5dof,5dof,0,213.848695,,1129615190,,0.0603236419127799,0.0420596810783284,exact,NaN,NaN,NaN,NaN,NaN,NaN,NaN,NaN,,
1,sphgpr,0.0001,0,15-Oct-2020 16:35:58,5000,10000,12,ff65e3f,9990e6b7,5dof,5dof,0,231.682121,,1129584964,,0.0573283457039385,0.0402399599509656,exact,NaN,NaN,NaN,NaN,NaN,NaN,NaN,NaN,,
1,sphgpr,0.0001,0,15-Oct-2020 16:37:38,5000,10000,12,ff65e3f,caa33334,5dof,5dof,0,197.034226,,1129595792,,0.060670186528345,0.04219941610857,exact,NaN,NaN,NaN,NaN,NaN,NaN,NaN,NaN,,
1,sphgpr,0.0001,0,15-Oct-2020 16:44:54,5000,10000,12,ff65e3f,5340b64d,5dof,5dof,0,235.360416,,1129639132,,0.0599650746933073,0.0419144078316702,exact,NaN,NaN,NaN,NaN,NaN,NaN,NaN,NaN,,
1,sphgpr,0.0001,0,15-Oct-2020 16:39:09,500,10000,12,ff65e3f,b5554ea7,5dof,5dof,0,18.169084,,1129604912,,0.0807790635600241,0.0582835282341051,exact,NaN,NaN,NaN,NaN,NaN,NaN,NaN,NaN,,
1,sphgpr,0.0001,0,15-Oct-2020 16:38:32,500,10000,12,ff65e3f,9338bb5e,5dof,5dof,0,19.338549,,1129601522,,0.08150651622134,0.0583268664411056,exact,NaN,NaN,NaN,NaN,NaN,NaN,NaN,NaN,,
1,sphgpr,0.0001,0,15-Oct-2020 16:39:16,500,10000,12,ff65e3f,f168fd20,5dof,5dof,0,20.009553,,1129605880,,0.0844365789403116,0.0600387988856942,exact,NaN,NaN,NaN,NaN,NaN,NaN,NaN,NaN,,
1,sphgpr,0.0001,0,15-Oct-2020 16:38:56,500,10000,12,ff65e3f,9ac2d51a,5dof,5dof,0,18.693532,,1129603850,,0.0823926758941654,0.0585983100570268,exact,NaN,NaN,NaN,NaN,NaN,NaN,NaN,NaN,,
1,sphgpr,0.0001,0,15-Oct-2020 16:37:56,500,10000,12,ff65e3f,820ffa40,5dof,5dof,0,18.715357,,1129598097,,0.0813170148242969,0.0569276333375519,exact,NaN,NaN,NaN,NaN,NaN,NaN,NaN,NaN,,
1,sphgpr,0.0001,0,15-Oct-2020 16:35:57,500,10000,12,ff65e3f,a84b2ca5,5dof,5dof,0,18.885151,,1129585621,,0.0841883284808979,0.0583630976504692,exact,NaN,NaN,NaN,NaN,NaN,NaN,NaN,NaN,,
1,sphgpr,0.0001,0,15-Oct-2020 16:38:01,500,10000,12,ff65e3f,a8bf31be,5dof,5dof,0,18.221634,,1129598027,,0.081040673224181,0.0571252153547442,exact,NaN,NaN,NaN,NaN,NaN,NaN,NaN,NaN,,
1,sphgpr,0.0001,0,15-Oct-2020 16:39:10,500,10000,12,ff65e3f,48630cf7,5dof,5dof,0,17.718104,,1129604900,,0.0808000274979233,0.0580962649708952,exact,NaN,NaN,NaN,NaN,NaN,NaN,NaN,NaN,,
1,sphgpr,0.0001,0,15-Oct-2020 16:37:20,500,10000,12,ff65e3f,d01bf98e,5dof,5dof,0,18.084698,,1129593676,,0.0821897359103276,0.0591735594191415,exact,NaN,NaN,NaN,NaN,NaN,NaN,NaN,NaN,,
1,sphgpr,0.0001,0,15-Oct-2020 16:36:40,500,10000,12,ff65e3f,db6216f9,5dof,5dof,0,20.287809,,1129589908,,0.0808007491887956,0.0568813949980449,exact,NaN,NaN,NaN,NaN,NaN,NaN,NaN,NaN,,
