GB_index,Sigma,Misorientation_Index,L11,L12,L13,R11,R12,R13,L21,L22,L23,R21,R22,R23,L31,L32,L33,R31,R32,R33,t1,t2,t3,cos,disorientation,h1,k1,l1,h2,k2,l2,ytilt,ztilt,DSC11,DSC12,DSC13,DSC21,DSC22,DSC23,DSC31,DSC32,DSC33,CSL11,CSL12,CSL13,CSL21,CSL22,CSL23,CSL31,CSL32
1,5,1,3,1,0,3,1,0,0,0,2,0,0,-2,1,-3,0,-1,3,0,1,0,0,0.8,36.8699,3,1,0,3,1,0,1,0,0.6,-0.8,-1,-0.4,1.2,2,1,-3,-4,3,1,0,4,3,-5,1,2
2,5,1,2,0,0,2,0,0,0,3,1,0,3,-1,0,-1,3,0,1,3,1,0,0,0.8,36.8699,2,0,0,2,0,0,0,0,1,0.8,0.6,0,0.6,0.2,0,-1.4,0.2,2,0,0,5,-3,4,3,-2
3,3,2,2,2,2,2,2,2,1,-1,0,-1,1,0,1,1,-2,-1,-1,2,1,1,0,0.333333333,70.5288,2,2,2,2,2,2,1,0,0.333333333,0.333333333,1.333333333,-0.333333333,-0.333333333,0.666666667,1,0,-1,2,2,2,-1,-4,-1,1,-1
4,3,2,2,1,1,2,1,1,0,1,-1,0,-1,1,-2,2,2,2,-2,-2,1,1,0,0.333333333,70.5288,2,1,1,2,1,1,1,0,-0.333333333,1.333333333,0.333333333,1.333333333,-2.333333333,-0.333333333,-2,4,0,2,1,1,4,-1,-1,1,1
5,3,2,1,1,0,1,1,0,1,-1,2,1,-1,-2,2,-2,-2,-2,2,-2,1,1,0,0.333333333,70.5288,1,1,0,1,1,0,0,0,0,-1,1,-0.333333333,0.333333333,1.333333333,-0.333333333,0.333333333,-0.666666667,-1,-1,0,0,1,-1,1,-4
6,5,1,4,2,0,4,2,0,0,0,2,0,0,-2,2,-4,0,-2,4,0,1,0,0,0.8,36.8699,4,2,0,4,2,0,1,0,0.8,-0.6,-1,-0.2,0.4,1,1,-2,-3,4,2,0,3,4,-5,1,3
7,13,3,5,1,0,5,1,0,0,0,2,0,0,-2,1,-5,0,-1,5,0,1,0,0,0.923076923,22.6199,5,1,0,5,1,0,1,0,0.384615385,-0.923076923,-1,-0.307692308,1.538461538,2,1,-5,-6,5,1,0,12,5,-13,12,5
8,13,3,2,0,0,2,0,0,0,5,1,0,5,-1,0,-1,5,0,1,5,1,0,0,0.923076923,22.6199,2,0,0,2,0,0,0,0,1,0.923076923,0.384615385,0,0.846153846,-0.230769231,0,-1.307692308,0.538461538,2,0,0,13,-5,12,9,-4
9,15,4,5,2,1,5,2,1,1,-2,-1,-1,2,1,0,2,-4,0,-2,4,2,1,0,0.666666667,48.1897,5,2,1,5,2,1,0,1,-0.666666667,1.133333333,2.066666667,-2.333333333,3.066666667,5.533333333,3,-4,-7,5,2,1,5,4,-3,-3,1
10,5,1,5,2,1,5,2,-1,1,-2,-1,1,-2,1,0,2,-4,0,-2,-4,1,0,0,0.8,36.8699,5,2,1,5,2,1,0,0,1,0.6,0.8,0,0.8,0.4,0,-1.4,-0.2,2,0,0,5,-4,3,4,-3
11,3,2,5,2,1,5,2,-1,1,-2,-1,-1,2,-1,0,2,-4,0,2,4,1,1,0,0.333333333,70.5288,5,2,1,5,2,1,0,0,-0.333333333,-0.333333333,1.333333333,0,0,2,-0.333333333,0.666666667,-3.666666667,-4,-2,0,-1,-4,1,-2,-3
12,15,4,4,2,0,4,2,0,1,-2,1,1,-2,-1,1,-2,-5,-1,2,-5,2,1,0,0.666666667,48.1897,4,2,0,4,2,0,0,0,0.2,-1.4,0,0.4,-0.8,0,-1.666666667,3.333333333,0.333333333,-4,-2,0,-3,-4,-5,-5,-5
13,3,2,4,2,0,4,2,0,1,-2,1,-1,2,1,1,-2,-5,1,-2,5,1,1,0,0.333333333,70.5288,4,2,0,4,2,0,0,0,1,-1,0,0.333333333,-0.666666667,0.333333333,1.666666667,-3.333333333,-0.333333333,4,2,0,1,0,-1,-4,-1
14,15,4,2,1,1,2,1,1,2,-4,0,2,0,-4,2,1,-5,-2,5,-1,2,1,0,0.666666667,48.1897,2,1,1,2,1,1,1,0,-0.066666667,0.466666667,-1.333333333,0.133333333,0.066666667,-0.333333333,-1.2,-1.6,4,-2,-1,-1,-8,-19,5,-1,-3
15,5,1,2,1,1,2,1,1,2,-4,0,-2,0,4,2,1,-5,2,-5,1,1,0,0,0.8,36.8699,2,1,1,2,1,1,0,0,0.6,0.8,-1,-0.8,-1.4,3,1.2,1.6,-4,2,1,1,4,-3,5,3,-1
16,17,5,5,3,0,5,3,0,0,0,2,0,0,-2,3,-5,0,-3,5,0,1,0,0,0.882352941,28.0725,5,3,0,5,3,0,1,0,1.294117647,-1.823529412,-1,-6.705882353,11.17647059,6,9,-15,-8,5,3,0,8,15,-17,1,4
17,17,5,2,0,0,2,0,0,0,5,3,0,5,-3,0,-3,5,0,3,5,1,0,0,0.882352941,28.0725,2,0,0,2,0,0,0,0,1,0.470588235,0.882352941,0,0.294117647,0.176470588,0,-1.352941176,-0.411764706,2,0,0,17,-15,8,5,-4
18,3,2,4,4,2,2,0,0,1,-1,0,0,1,1,1,1,-4,0,-3,3,1,1,0,0.333333333,70.5288,4,4,2,2,0,0,1,0,1,-1,0,0.666666667,-2.333333333,0.333333333,0.333333333,-0.666666667,-0.333333333,6,2,2,4,1,-1,-1,0
19,9,6,4,4,2,4,4,2,1,-1,0,-1,1,0,1,1,-4,-1,-1,4,1,1,0,0.777777778,38.9424,4,4,2,4,4,2,1,0,-0.555555556,0.444444444,1.222222222,-1.555555556,0.444444444,2.222222222,3,-1,-4,4,4,2,-1,-4,1,-3,-5
20,3,2,4,1,1,1,1,0,0,1,-1,1,-1,0,-2,4,4,0,0,-6,1,1,0,0.333333333,70.5288,4,1,1,1,1,0,1,0,1,-1,0,0.333333333,-0.666666667,0.333333333,1.666666667,-3.333333333,-0.333333333,4,2,0,1,0,-1,-4,-1
21,9,6,4,1,1,4,1,1,0,1,-1,0,-1,1,-2,4,4,2,-4,-4,1,1,0,0.777777778,38.9424,4,1,1,4,1,1,1,0,-0.555555556,2.111111111,1.111111111,1.555555556,-4.111111111,-2.111111111,-1.333333333,3.666666667,1.666666667,4,1,1,11,5,-4,0,1
22,9,6,4,4,2,4,4,2,3,-3,0,1,1,-4,1,1,-4,-3,3,0,1,1,0,0.777777778,38.9424,4,4,2,4,4,2,1,0,-0.888888889,0.777777778,-0.777777778,0.222222222,-0.444444444,0.444444444,-2.333333333,3.666666667,-2.666666667,-4,-4,-2,0,1,1,-11,-5
23,9,6,4,1,1,1,1,0,0,3,-3,1,-1,4,-2,4,4,4,-4,-2,1,1,0,0.777777778,38.9424,4,1,1,1,1,0,1,0,0.444444444,-1.222222222,-0.555555556,2.555555556,-3.777777778,-1.444444444,-3.111111111,4.555555556,1.888888889,-10,-6,-2,-5,-11,4,-3,-4
24,9,6,1,1,0,1,1,0,1,-1,4,1,-1,-4,4,-4,-2,-4,4,-2,1,1,0,0.777777778,38.9424,1,1,0,1,1,0,0,0,-0.444444444,-0.555555556,1.222222222,0,0,2,-0.111111111,0.111111111,-2.444444444,-1,-1,0,4,5,-11,3,2
25,21,7,5,4,1,5,4,1,2,-2,-2,-2,2,2,-1,2,-3,1,-2,3,1,1,1,0.928571429,21.7868,5,4,1,5,4,1,1,0,-0.761904762,1.19047619,0.047619048,1.761904762,-2.19047619,-0.047619048,-8,10,0,5,4,1,25,-1,-16,6,-1
26,7,8,5,4,1,5,4,-1,2,-2,-2,2,-2,2,-1,2,-3,1,-2,-3,1,1,1,0.785714286,38.2132,5,4,1,5,4,1,1,0,0.714285714,-0.428571429,1.142857143,0.142857143,-0.285714286,2.428571429,0.142857143,-0.285714286,0.428571429,4,2,0,9,-4,-1,4,-3
27,3,2,5,4,1,5,4,-1,2,-2,-2,-2,2,-2,-1,2,-3,-1,2,3,1,1,0,0.333333333,70.5288,5,4,1,5,4,1,0,0,0,-1,1,-0.333333333,0.333333333,1.333333333,-0.333333333,0.333333333,-0.666666667,-1,-1,0,0,1,-1,1,-4
28,7,8,3,2,1,3,2,1,2,-2,-2,-2,2,2,-1,4,-5,1,-4,5,1,1,1,0.785714286,38.2132,3,2,1,3,2,1,1,0,-0.571428571,1.285714286,0.142857143,1.571428571,-2.285714286,-0.142857143,-4,6,0,3,2,1,9,-1,-4,4,-1
29,21,7,3,2,1,3,2,-1,2,-2,-2,2,-2,2,-1,4,-5,1,-4,-5,1,1,1,0.928571429,21.7868,3,2,1,3,2,1,1,0,0.428571429,-0.714285714,1.142857143,0.523809524,-2.095238095,4.619047619,0.047619048,-0.19047619,0.238095238,8,2,0,25,-16,-1,16,-13
30,3,2,3,2,1,3,2,-1,2,-2,-2,-2,2,-2,-1,4,-5,-1,4,5,1,1,0,0.333333333,70.5288,3,2,1,3,2,1,0,0,0,-1,1,-0.333333333,0.333333333,1.333333333,-0.333333333,0.333333333,-0.666666667,-1,-1,0,0,1,-1,1,-4
31,21,7,2,2,2,2,2,2,3,-2,-1,3,-1,-2,1,4,-5,-1,5,-4,1,1,1,0.928571429,21.7868,2,2,2,2,2,2,0,0,-1.19047619,-0.761904762,-0.047619048,0.904761905,-0.380952381,-0.523809524,-1.142857143,0.428571429,0.714285714,-2,-2,-2,16,1,25,13,2
32,7,8,2,2,2,2,2,2,3,-2,-1,-3,1,2,1,4,-5,1,-5,4,1,1,1,0.785714286,38.2132,2,2,2,2,2,2,0,0,0.142857143,0.571428571,1.285714286,-0.714285714,0.142857143,0.571428571,1.142857143,-0.428571429,-0.714285714,2,2,2,-4,-9,-1,-1,-5
33,11,9,6,2,2,6,2,2,0,1,-1,0,-1,1,-2,3,3,2,-3,-3,1,1,0,0.636363636,50.4788,6,2,2,6,2,2,1,0,1.090909091,-0.636363636,-0.636363636,-0.818181818,0.727272727,1.727272727,1,-1,-2,6,2,2,13,8,-3,0,1
34,11,9,3,3,2,3,3,2,1,-1,0,-1,1,0,2,2,-6,-2,-2,6,1,1,0,0.636363636,50.4788,3,3,2,3,3,2,1,0,-0.727272727,0.272727273,1.181818182,-1.727272727,0.272727273,2.181818182,5,-1,-6,3,3,2,-4,-15,1,-1,-2
35,11,9,1,1,0,1,1,0,3,-3,2,3,-3,-2,2,-2,-6,-2,2,-6,1,1,0,0.636363636,50.4788,1,1,0,1,1,0,0,0,0.363636364,-1.363636364,-0.090909091,1,-1,0,-1.727272727,1.727272727,0.181818182,-1,-1,0,-4,15,1,-1,2
36,25,10,7,1,0,7,1,0,0,0,2,0,0,-2,1,-7,0,-1,7,0,1,0,0,0.96,16.2602,7,1,0,7,1,0,1,0,0.28,-0.96,-1,-0.24,1.68,2,1,-7,-8,7,1,0,24,7,-25,24,7
37,5,1,7,1,0,1,1,0,0,0,2,0,0,2,1,-7,0,5,-5,0,1,0,0,0.8,36.8699,7,1,0,1,1,0,1,0,-0.6,-0.8,-1,0.6,-0.2,0,-1.4,-0.2,0,0,0,-2,4,-3,5,1,-2
38,15,4,7,1,0,4,1,1,0,0,6,2,-4,-4,1,-7,0,0,5,-5,2,1,0,0.666666667,48.1897,7,1,0,4,1,1,0,0,-0.466666667,-0.066666667,1.333333333,-0.333333333,-0.333333333,2.666666667,0.6,0.8,-5,-14,-2,-2,-34,-37,-25,-33,-34
39,25,10,2,0,0,2,0,0,0,7,1,0,7,-1,0,-1,7,0,1,7,1,0,0,0.96,16.2602,2,0,0,2,0,0,0,0,1,0.96,0.28,0,0.92,-0.44,0,-1.24,0.68,2,0,0,25,-7,24,19,-6
40,13,3,6,4,0,6,4,0,0,0,2,0,0,-2,4,-6,0,-4,6,0,1,0,0,0.923076923,22.6199,6,4,0,6,4,0,1,0,-0.538461538,1.307692308,0,2,-3,-1,-0.307692308,0.461538462,0,6,4,0,5,12,-13,1,5
41,29,11,7,3,0,7,3,0,0,0,2,0,0,-2,3,-7,0,-3,7,0,1,0,0,0.724137931,43.6028,7,3,0,7,3,0,1,0,-0.75862069,2.103448276,1,5.379310345,-12.55172414,-6,-9,21,10,7,3,0,20,21,-29,9,8
42,29,11,2,0,0,2,0,0,0,7,3,0,7,-3,0,-3,7,0,3,7,1,0,0,0.724137931,43.6028,2,0,0,2,0,0,0,0,1,0.689655172,0.724137931,0,0.827586207,0.068965517,0,-1.413793103,-0.034482759,2,0,0,29,-21,20,18,-13
43,33,12,7,4,1,7,4,1,1,-2,1,-1,2,-1,2,-2,-6,-2,2,6,2,1,1,-0.454545455,117.036,7,4,1,7,4,1,1,0,-1.787878788,3.121212121,1.03030303,16.6969697,-27.03030303,-8.757575758,-21,34,11,7,4,1,23,32,-25,14,21
44,11,9,7,4,1,7,4,-1,1,-2,1,1,-2,-1,2,-2,-6,-2,2,-6,1,1,0,0.636363636,50.4788,7,4,1,7,4,1,0,0,0.363636364,-1.363636364,-0.090909091,1,-1,0,-1.727272727,1.727272727,0.181818182,-1,-1,0,-4,15,1,-1,2
45,3,2,7,4,1,7,4,-1,1,-2,1,-1,2,1,2,-2,-6,2,-2,6,1,1,0,0.333333333,70.5288,7,4,1,7,4,1,0,0,1,-1,0,0.333333333,-0.666666667,0.333333333,1.666666667,-3.333333333,-0.333333333,4,2,0,1,0,-1,-4,-1
46,33,12,6,2,2,6,2,2,1,-2,-1,1,-1,-2,1,4,-7,-1,7,-4,2,1,1,-0.454545455,117.036,6,2,2,6,2,2,1,0,-0.090909091,-1.363636364,-0.363636364,0.151515152,-0.393939394,-0.060606061,-0.333333333,0.666666667,0.333333333,-6,-2,-2,-28,-13,-35,-19,-9
47,3,2,6,2,2,6,2,2,1,-2,-1,-1,1,2,1,4,-7,1,-7,4,1,1,0,0.333333333,70.5288,6,2,2,6,2,2,0,0,1,-1,0,0.666666667,-2.333333333,0.333333333,0.333333333,-0.666666667,-0.333333333,6,2,2,4,1,-1,-1,0
48,33,12,2,1,1,2,1,1,2,-6,2,2,2,-6,4,-1,-7,-4,7,1,2,1,1,-0.454545455,117.036,2,1,1,2,1,1,0,0,0.333333333,-0.333333333,-1.333333333,2.242424242,-1.060606061,-3.424242424,-2.363636364,1.090909091,3.636363636,-2,-1,-1,-32,-25,23,-11,-8
49,11,9,2,1,1,2,1,1,2,-6,2,-2,-2,6,4,-1,-7,4,-7,-1,1,1,0,0.636363636,50.4788,2,1,1,2,1,1,0,0,1,0,-1,-0.363636364,0.090909091,0.636363636,2.363636364,-1.090909091,-3.636363636,2,1,1,4,-1,15,5,-1
50,17,13,6,4,4,6,4,4,0,1,-1,0,-1,1,-4,3,3,4,-3,-3,1,1,0,0.058823529,86.6277,6,4,4,6,4,4,1,0,-0.647058824,1.235294118,0.235294118,1.411764706,-2.058823529,-0.058823529,-4,6,0,6,4,4,-13,-20,-3,-13,-19
51,17,13,4,3,3,4,3,3,0,1,-1,0,-1,1,-6,4,4,6,-4,-4,1,1,0,0.058823529,86.6277,4,3,3,4,3,3,1,0,-0.764705882,1.176470588,0.176470588,4.588235294,-6.058823529,-0.058823529,-6,8,0,4,3,3,-11,-21,-4,-11,-20
52,17,5,8,2,0,8,2,0,0,0,2,0,0,-2,2,-8,0,-2,8,0,1,0,0,0.882352941,28.0725,8,2,0,8,2,0,1,0,0.470588235,-0.882352941,-1,-0.176470588,0.705882353,1,1,-4,-5,8,2,0,15,8,-17,11,7
53,17,13,1,1,0,1,1,0,3,-3,4,3,-3,-4,4,-4,-6,-4,4,-6,1,1,0,0.058823529,86.6277,1,1,0,1,1,0,0,0,0.235294118,-1.235294118,0.647058824,0.176470588,-0.176470588,0.235294118,-1.470588235,1.470588235,-1.294117647,-1,-1,0,-4,21,-11,-1,5
54,35,14,6,5,3,6,5,3,2,-3,1,-2,3,-1,2,0,-4,-2,0,4,2,1,0,-0.285714286,106.602,6,5,3,6,5,3,0,1,-0.828571429,1.142857143,0.085714286,3.942857143,-4.714285714,-0.028571429,-10,12,0,6,5,3,-19,-45,8,-15,-34
55,5,1,6,5,3,6,5,-3,2,-3,1,2,-3,-1,2,0,-4,-2,0,-4,1,0,0,0.8,36.8699,6,5,3,6,5,3,0,0,-0.6,-1,-0.8,0.8,0,0.4,-1.4,0,-0.2,0,-2,0,-1,0,7,-1,1
56,7,8,6,5,3,6,5,-3,2,-3,1,-2,3,1,2,0,-4,2,0,4,1,1,1,0.785714286,38.2132,6,5,3,6,5,3,0,0,-0.428571429,1.142857143,-0.714285714,0.285714286,-0.428571429,0.142857143,-3.428571429,5.142857143,-3.714285714,6,4,0,5,3,-8,3,2
57,35,14,4,2,0,4,2,0,1,-2,3,1,-2,-3,3,-6,-5,-3,6,-5,2,1,0,-0.285714286,106.602,4,2,0,4,2,0,0,0,-0.085714286,-0.828571429,1.142857143,0.057142857,-0.114285714,0.571428571,-0.142857143,0.285714286,-0.428571429,-4,-2,0,-11,-48,-5,-11,-43
58,7,8,4,2,0,4,2,0,1,-2,3,-1,2,3,3,-6,-5,3,-6,5,1,1,1,0.785714286,38.2132,4,2,0,4,2,0,0,0,0.714285714,-0.428571429,1.142857143,0.142857143,-0.285714286,2.428571429,0.142857143,-0.285714286,0.428571429,4,2,0,9,-4,-1,4,-3
59,35,14,3,2,1,3,2,-1,0,2,-4,0,2,4,-5,6,3,5,-6,3,2,1,0,-0.285714286,106.602,3,2,1,3,2,1,1,0,0.571428571,-0.885714286,-0.942857143,5,-6,-7,-7.428571429,8.914285714,10.45714286,-12,-10,0,5,-48,11,2,-31
60,5,1,3,2,1,3,2,-1,0,2,-4,0,-2,-4,-5,6,3,-5,6,-3,1,0,0,0.8,36.8699,3,2,1,3,2,1,0,0,1,0.6,0.8,0,0.8,0.4,0,-1.4,-0.2,2,0,0,5,-4,3,4,-3
61,37,15,7,5,0,7,5,0,0,0,2,0,0,-2,5,-7,0,-5,7,0,1,0,0,0.945945946,18.9246,7,5,0,7,5,0,1,0,2.189189189,-2.864864865,-1,-20.81081081,29.13513514,10,25,-35,-12,7,5,0,12,35,-37,1,6
62,37,15,2,0,0,2,0,0,0,7,5,0,7,-5,0,-5,7,0,5,7,1,0,0,0.945945946,18.9246,2,0,0,2,0,0,0,0,1,0.324324324,0.945945946,0,0.189189189,0.135135135,0,-1.27027027,-0.621621622,2,0,0,37,-35,12,7,-6
63,19,16,6,6,2,6,6,2,1,-1,0,-1,1,0,1,1,-6,-1,-1,6,1,1,0,0.894736842,26.5254,6,6,2,6,6,2,1,0,-0.368421053,0.631578947,1.210526316,-0.684210526,0.315789474,1.105263158,2,-1,-3,6,6,2,-5,-24,11,-3,-11
64,19,16,6,1,1,6,1,1,0,1,-1,0,-1,1,-2,6,6,2,-6,-6,1,1,0,0.894736842,26.5254,6,1,1,6,1,1,1,0,-0.684210526,3.052631579,2.052631579,4.526315789,-16.57894737,-10.57894737,-6,22,14,6,1,1,-11,-24,-5,-7,-12
65,19,16,1,1,0,1,1,0,1,-1,6,1,-1,-6,6,-6,-2,-6,6,-2,1,1,0,0.894736842,26.5254,1,1,0,1,1,0,0,0,-0.631578947,-0.368421053,1.210526316,-0.157894737,0.157894737,1.052631579,0.263157895,-0.263157895,-2.421052632,-1,-1,0,12,7,-23,11,5
66,39,17,7,5,2,7,5,2,2,-2,-2,-2,2,2,-1,3,-4,1,-3,4,1,1,1,0.846153846,32.2042,7,5,2,7,5,2,1,0,3.179487179,-3.871794872,-0.948717949,-13.1025641,16.64102564,4.256410256,37,-47,-12,7,5,2,49,-4,-25,18,1
67,13,18,7,5,2,7,5,-2,2,-2,-2,2,-2,2,-1,3,-4,1,-3,-4,1,1,1,0.884615385,27.7958,7,5,2,7,5,2,1,0,0.538461538,-0.615384615,1.153846154,0.384615385,-1.153846154,3.538461538,0.076923077,-0.230769231,0.307692308,3,1,0,16,-9,-1,5,-4
68,3,2,7,5,2,7,5,-2,2,-2,-2,-2,2,-2,-1,3,-4,-1,3,4,1,1,0,0.333333333,70.5288,7,5,2,7,5,2,0,0,0,-1,1,-0.333333333,0.333333333,1.333333333,-0.333333333,0.333333333,-0.666666667,-1,-1,0,0,1,-1,1,-4
69,13,18,4,3,1,4,3,1,2,-2,-2,-2,2,2,-2,5,-7,2,-5,7,1,1,1,0.884615385,27.7958,4,3,1,4,3,1,1,0,-0.692307692,1.230769231,0.076923077,1.692307692,-2.230769231,-0.076923077,-6,8,0,4,3,1,16,-1,-9,5,-1
70,39,17,4,3,1,4,3,-1,2,-2,-2,2,-2,2,-2,5,-7,2,-5,-7,1,1,1,0.846153846,32.2042,4,3,1,4,3,1,1,0,0.025641026,0.435897436,-2.41025641,0.564102564,-1.41025641,9.974358974,-0.974358974,2.435897436,-17.41025641,10,4,0,49,-25,-4,13,-4
71,3,2,4,3,1,4,3,-1,2,-2,-2,-2,2,-2,-2,5,-7,-2,5,7,1,1,0,0.333333333,70.5288,4,3,1,4,3,1,0,0,0,-1,1,-0.333333333,0.333333333,1.333333333,-0.333333333,0.333333333,-0.666666667,-1,-1,0,0,1,-1,1,-4
72,39,17,2,2,2,2,2,2,4,-3,-1,4,-1,-3,2,5,-7,-2,7,-5,1,1,1,0.846153846,32.2042,2,2,2,2,2,2,0,0,-1.256410256,-0.641025641,-0.102564103,0.487179487,-0.282051282,-0.205128205,-1.153846154,0.615384615,0.538461538,-2,-2,-2,25,4,49,11,3
73,13,18,2,2,2,2,2,2,4,-3,-1,-4,1,3,2,5,-7,2,-7,5,1,1,1,0.884615385,27.7958,2,2,2,2,2,2,0,0,0.076923077,0.692307692,1.230769231,-0.846153846,0.384615385,0.461538462,1.153846154,-0.615384615,-0.538461538,2,2,2,-9,-16,-1,-5,-11
74,41,19,9,1,0,9,1,0,0,0,2,0,0,-2,1,-9,0,-1,9,0,1,0,0,0.975609756,12.6804,9,1,0,9,1,0,1,0,0.219512195,-0.975609756,-1,-0.195121951,1.756097561,2,1,-9,-10,9,1,0,40,9,-41,40,9
75,41,19,2,0,0,2,0,0,0,9,1,0,9,-1,0,-1,9,0,1,9,1,0,0,0.975609756,12.6804,2,0,0,2,0,0,0,0,1,0.975609756,0.219512195,0,0.951219512,-0.56097561,0,-1.195121951,0.756097561,2,0,0,41,-9,40,33,-8
76,21,20,8,4,2,8,4,2,1,-1,-2,-1,1,2,-1,3,-2,1,-3,2,2,1,0,0.523809524,58.4119,8,4,2,8,4,2,0,0,1.380952381,-1.80952381,-0.904761905,-6.523809524,10.23809524,5.619047619,7,-11,-6,8,4,2,19,20,-11,15,17
77,7,8,8,4,2,8,4,-2,1,-1,-2,1,-1,2,-1,3,-2,1,-3,-2,1,1,1,0.785714286,38.2132,8,4,2,8,4,2,0,0,0.714285714,-1.142857143,0.428571429,0.142857143,-0.428571429,0.285714286,1.571428571,-4.714285714,1.142857143,3,1,0,8,-3,-5,1,-1
78,3,2,8,4,2,8,4,-2,1,-1,-2,-1,1,-2,-1,3,-2,-1,3,2,1,1,0,0.333333333,70.5288,8,4,2,8,4,2,0,0,0.333333333,-1.333333333,0.333333333,0.666666667,-0.666666667,0.666666667,-1.666666667,1.666666667,-0.666666667,-1,-1,0,-1,4,-1,0,-1
79,21,20,3,2,1,3,2,-1,1,-2,1,1,-2,-1,4,-2,-8,-4,2,-8,2,1,0,0.523809524,58.4119,3,2,1,3,2,1,0,0,0.142857143,-0.571428571,-1.285714286,0.19047619,-0.095238095,-0.380952381,-1.238095238,0.619047619,3.476190476,-2,-4,0,-1,4,9,-3,-1
80,3,2,3,2,1,3,2,-1,1,-2,1,-1,2,1,4,-2,-8,4,-2,8,1,1,0,0.333333333,70.5288,3,2,1,3,2,1,0,0,1,-1,0,0.333333333,-0.666666667,0.333333333,1.666666667,-3.333333333,-0.333333333,4,2,0,1,0,-1,-4,-1
81,21,20,2,1,1,2,1,1,2,-3,-1,2,-1,-3,2,4,-8,-2,8,-4,2,1,0,0.523809524,58.4119,2,1,1,2,1,1,0,0,-0.523809524,0.952380952,-0.904761905,-0.19047619,2.619047619,-2.238095238,0.285714286,-3.428571429,2.857142857,-2,-1,-1,-4,-29,-5,-1,-12
82,7,8,2,1,1,2,1,1,2,-3,-1,-2,1,3,2,4,-8,2,-8,4,1,1,1,0.785714286,38.2132,2,1,1,2,1,1,0,0,0.142857143,1.285714286,-0.571428571,0.285714286,-2.428571429,1.857142857,-0.285714286,3.428571429,-2.857142857,2,1,1,8,-5,3,7,-3
83,15,4,7,5,4,3,1,0,4,-4,-2,0,0,6,1,5,-8,3,-9,0,2,1,0,0.666666667,48.1897,7,5,4,3,1,0,0,0,0.8,-1,0.6,-0.133333333,0.333333333,0.066666667,0.733333333,-2.333333333,0.133333333,6,2,2,7,0,-1,3,-1
84,3,2,7,5,4,3,1,0,4,-4,-2,0,0,-6,1,5,-8,-3,9,0,1,1,0,0.333333333,70.5288,7,5,4,3,1,0,0,0,0.333333333,-1.333333333,0.333333333,0.666666667,-0.666666667,0.666666667,-1.666666667,1.666666667,-0.666666667,-1,-1,0,-1,4,-1,0,-1
85,45,21,7,5,4,7,5,4,4,-4,-2,-4,4,2,1,5,-8,-1,-5,8,2,2,1,0.6,53.1301,7,5,4,7,5,4,1,0,4.155555556,-4.888888889,-0.911111111,-15.04444444,18.11111111,3.688888889,49,-59,-12,7,5,4,-32,-55,1,-3,-4
86,45,22,7,5,4,7,5,-4,4,-4,-2,4,-4,2,1,5,-8,-1,-5,-8,2,2,1,-0.6,126.87,7,5,4,7,5,4,1,0,0.288888889,0.444444444,-1.311111111,-0.155555556,-0.777777778,3.244444444,0.288888889,1.444444444,-6.311111111,5,-1,0,4,-5,3,-16,0
87,9,6,7,5,4,7,5,-4,4,-4,-2,-4,4,-2,1,5,-8,1,5,8,1,1,0,0.777777778,38.9424,7,5,4,7,5,4,0,0,-0.444444444,-0.555555556,1.222222222,0,0,2,-0.111111111,0.111111111,-2.444444444,-1,-1,0,4,5,-11,3,2
88,15,4,8,5,1,3,1,0,2,-4,4,0,0,6,4,-5,-7,3,-9,0,2,1,0,0.666666667,48.1897,8,5,1,3,1,0,0,0,0.2,0,1.4,-0.066666667,0.333333333,-0.133333333,-0.133333333,-0.333333333,0.733333333,6,2,2,19,-5,8,3,-2
89,3,2,8,5,1,3,1,0,2,-4,4,0,0,-6,4,-5,-7,-3,9,0,1,1,0,0.333333333,70.5288,8,5,1,3,1,0,0,0,-0.333333333,-0.333333333,1.333333333,0,0,2,-0.333333333,0.666666667,-3.666666667,-4,-2,0,-1,-4,1,-2,-3
90,9,6,8,5,1,7,5,4,2,-4,4,4,-4,-2,4,-5,-7,1,5,-8,1,1,0,0.777777778,38.9424,8,5,1,7,5,4,0,0,-0.333333333,-1.333333333,0.333333333,0.111111111,-0.888888889,0.555555556,-0.222222222,0.777777778,-0.111111111,-6,-2,-2,-7,-7,-8,-6,-5
91,45,23,8,5,1,7,5,4,2,-4,4,-4,4,2,4,-5,-7,-1,-5,8,2,1,0,0.111111111,83.6206,8,5,1,7,5,4,0,0,-0.088888889,0.777777778,-1.177777778,1.266666667,-5.333333333,9.533333333,-1.777777778,7.555555556,-13.55555556,12,10,4,-53,-20,29,-22,-9
92,5,1,8,5,1,7,5,-4,2,-4,4,4,-4,2,4,-5,-7,-1,-5,-8,1,0,0,0.8,36.8699,8,5,1,7,5,4,0,0,-0.8,-1,-0.6,0.6,0,0.2,-1.4,0,0.2,0,-2,0,1,0,7,0,1
93,9,6,8,5,1,7,5,-4,2,-4,4,-4,4,-2,4,-5,-7,1,5,8,1,1,0,0.777777778,38.9424,8,5,1,7,5,4,0,0,0.777777778,-0.888888889,-0.777777778,-1.444444444,3.222222222,2.444444444,1.777777778,-3.888888889,-2.777777778,10,6,-2,7,-8,-7,1,-3
94,45,22,8,5,1,8,5,1,2,-4,4,-2,4,-4,4,-5,-7,-4,5,7,2,2,1,-0.6,126.87,8,5,1,8,5,1,1,0,3.177777778,-4.888888889,0.022222222,3.822222222,-6.111111111,-0.022222222,-10,16,0,8,5,1,3,5,-4,-10,-1
95,45,21,8,5,1,8,5,-1,2,-4,4,2,-4,-4,4,-5,-7,-4,5,-7,2,2,1,0.6,53.1301,8,5,1,8,5,1,1,0,-0.2,0,-1.4,-0.088888889,0.111111111,-1.844444444,0.711111111,-0.888888889,12.75555556,-10,-8,0,-1,-55,-32,-2,-51
96,9,6,8,5,1,8,5,-1,2,-4,4,-2,4,4,4,-5,-7,4,-5,7,1,1,0,0.777777778,38.9424,8,5,1,8,5,1,0,0,0.888888889,-0.777777778,0.777777778,-1.222222222,2.444444444,-1.444444444,1.444444444,-2.888888889,1.888888889,4,2,0,11,-4,-5,0,-1
97,15,4,4,4,2,2,0,0,5,-1,-8,0,9,-3,-5,7,-4,0,3,9,2,1,0,0.666666667,48.1897,4,4,2,2,0,0,0,0,0.333333333,-0.866666667,1.066666667,0.666666667,-0.733333333,1.133333333,-2.333333333,2.666666667,-3.666666667,-10,-6,2,5,-13,16,1,-6
98,45,22,4,4,2,4,4,2,5,-1,-8,1,-5,8,-5,7,-4,7,-5,-4,2,2,1,-0.6,126.87,4,4,2,4,4,2,0,0,-0.777777778,1.155555556,0.244444444,-2.111111111,2.022222222,0.177777778,3.666666667,-3.533333333,-0.266666667,4,4,2,-5,-4,3,-9,-13
99,45,21,4,4,2,4,4,2,5,-1,-8,-1,5,-8,-5,7,-4,-7,5,4,2,2,1,0.6,53.1301,4,4,2,4,4,2,0,0,-1.222222222,0.711111111,0.022222222,2.777777778,-2.688888889,-0.177777778,-3.666666667,3.533333333,0.266666667,-4,-4,-2,5,8,19,-3,-1
100,45,23,4,4,2,4,4,2,5,-1,-8,7,-5,-4,-5,7,-4,-1,5,-8,2,1,0,0.111111111,83.6206,4,4,2,4,4,2,0,0,0.444444444,0.644444444,-1.177777778,0.888888889,1.288888889,-4.355555556,-1,-1.4,4.8,4,4,2,-20,1,-7,-13,-3
101,5,1,4,4,2,4,4,2,5,-1,-8,-7,5,4,-5,7,-4,1,-5,8,1,0,0,0.8,36.8699,4,4,2,4,4,2,0,0,0,0.2,-1.4,-1,-1,4,1,1.4,-4.8,-4,-4,-2,0,7,1,-1,5
102,5,1,8,6,0,2,0,0,0,0,2,0,2,0,6,-8,0,0,0,10,1,0,0,0.8,36.8699,8,6,0,2,0,0,1,0,0.6,-0.8,1,-0.2,0.6,0,0.4,-2.2,1,6,2,2,7,-1,0,2,-1
103,25,10,8,6,0,8,6,0,0,0,2,0,0,-2,6,-8,0,-6,8,0,1,0,0,0.96,16.2602,8,6,0,8,6,0,1,0,-0.68,1.24,0,3,-4,-1,-0.24,0.32,0,8,6,0,7,24,-25,1,7
104,25,24,8,6,0,2,0,0,3,-4,5,0,7,1,3,-4,-5,0,-1,7,2,1,1,-0.92,156.926,8,6,0,2,0,0,0,0,-0.4,2.2,-1,2,-8,4,-4.36,17.48,-8.8,12,4,2,43,26,-35,4,3
105,25,24,8,6,0,8,6,0,3,-4,5,3,-4,-5,3,-4,-5,-3,4,-5,2,1,1,-0.92,156.926,8,6,0,8,6,0,0,0,-0.16,-0.12,-1.4,0.12,-0.16,-0.2,0,0,2,-8,-6,0,-1,-32,-15,-2,-29
106,25,24,7,1,0,5,4,3,1,-7,0,5,-4,-3,0,0,-10,0,6,-8,2,1,1,-0.92,156.926,7,1,0,5,4,3,0,0,-1.28,-0.04,0.6,0.28,-0.96,-0.6,-0.44,1.08,0.8,-6,2,-6,-29,3,-20,-27,4
107,25,24,7,1,0,5,4,3,1,-7,0,-5,4,3,0,0,-10,0,-6,8,2,1,1,-0.92,156.926,7,1,0,5,4,3,0,0,1.16,-2.12,0.4,-0.4,0.8,0,1.84,-3.88,0.6,6,3,1,27,11,-20,2,1
108,5,1,5,4,3,1,1,0,5,-4,-3,5,-5,0,0,6,-8,0,0,-10,1,0,0,0.8,36.8699,5,4,3,1,1,0,0,0,1,0.8,0.6,0,0.6,0.2,0,-1.4,0.2,2,0,0,5,-3,4,3,-2
109,25,24,5,4,3,5,4,3,5,-4,-3,-5,4,3,0,6,-8,0,-6,8,2,1,1,-0.92,156.926,5,4,3,5,4,3,0,0,-0.8,1.16,0.12,0.6,-0.72,-0.04,-8,10,0,5,4,3,-15,-32,1,-2,-3
110,25,10,5,4,3,5,4,-3,5,-4,-3,5,-4,3,0,6,-8,0,-6,-8,1,0,0,0.96,16.2602,5,4,3,5,4,3,0,0,1,0.28,0.96,0,0.32,0.24,0,-1.24,-0.68,2,0,0,25,-24,7,8,-7
111,25,24,5,4,3,5,4,-3,5,-4,-3,-5,4,-3,0,6,-8,0,6,8,2,1,1,-0.92,156.926,5,4,3,5,4,3,0,0,-0.8,0.44,1.08,-2.2,1.76,3.32,6.4,-5.12,-9.84,-8,-10,0,-15,32,-1,-14,27
112,53,25,9,5,0,9,5,0,0,0,2,0,0,-2,5,-9,0,-5,9,0,1,0,0,0.849056604,31.8908,9,5,0,9,5,0,1,0,1.169811321,-1.905660377,-1,-6.41509434,11.54716981,6,15,-27,-14,9,5,0,28,45,-53,26,38
113,53,25,2,0,0,2,0,0,0,9,5,0,9,-5,0,-5,9,0,5,9,1,0,0,0.849056604,31.8908,2,0,0,2,0,0,0,0,1,0.528301887,0.849056604,0,0.773584906,0.20754717,0,-1.377358491,-0.320754717,2,0,0,53,-45,28,31,-26
114,27,26,10,2,2,10,2,2,0,1,-1,0,-1,1,-2,5,5,2,-5,-5,1,1,0,0.851851852,31.5863,10,2,2,10,2,2,1,0,0.740740741,-0.851851852,-0.851851852,-0.925925926,1.814814815,2.814814815,1,-2,-3,10,2,2,46,47,-7,9,11
115,9,6,10,2,2,2,2,2,0,1,-1,1,-1,0,-2,5,5,3,3,-6,1,1,0,0.777777778,38.9424,10,2,2,2,2,2,1,0,0,1,-1,0.333333333,-1.333333333,1.666666667,-0.888888889,4.222222222,-5.777777778,3,2,1,11,-5,4,4,-3
116,3,2,10,2,2,2,2,2,0,1,-1,-1,1,0,-2,5,5,-3,-3,6,1,1,0,0.333333333,70.5288,10,2,2,2,2,2,1,0,-1.333333333,0.333333333,0.333333333,-0.333333333,-0.666666667,0.333333333,-0.333333333,1.333333333,0.333333333,-1,0,-1,-1,-1,0,-4,1
117,27,26,5,5,2,5,5,2,1,-1,0,-1,1,0,2,2,-10,-2,-2,10,1,1,0,0.851851852,31.5863,5,5,2,5,5,2,1,0,2.185185185,-0.814814815,-2.925925926,-2.814814815,1.185185185,4.074074074,7,-3,-10,5,5,2,-8,-35,13,-5,-19
118,9,6,5,5,2,2,1,1,1,-1,0,0,1,-1,2,2,-10,-6,6,6,1,1,0,0.777777778,38.9424,5,5,2,2,1,1,1,0,0.444444444,-0.555555556,-1.222222222,0.555555556,-0.444444444,-0.777777778,-3.555555556,2.444444444,5.777777778,-3,-2,-1,-7,-7,8,-6,-5
119,3,2,5,5,2,2,1,1,1,-1,0,0,-1,1,2,2,-10,6,-6,-6,1,1,0,0.333333333,70.5288,5,5,2,2,1,1,1,0,0.333333333,1.333333333,0.333333333,-0.333333333,0.666666667,-0.333333333,0,-1,1,2,2,2,-4,-1,-1,-1,0
120,27,27,10,2,2,10,2,2,1,-4,-1,1,-1,-4,1,2,-7,-1,7,-2,2,1,0,0.814814815,35.4309,10,2,2,10,2,2,0,0,-0.185185185,-1.37037037,0.296296296,0.259259259,-1.481481481,0.185185185,-0.666666667,3.666666667,-0.333333333,-10,-2,-2,-43,-5,-50,-6,-1
121,9,6,10,2,2,10,2,2,1,-4,-1,-1,1,4,1,2,-7,1,-7,2,1,1,0,0.777777778,38.9424,10,2,2,10,2,2,0,0,0.555555556,-1.222222222,0.444444444,-0.111111111,0.444444444,0.111111111,0.666666667,-3.666666667,0.333333333,10,2,2,19,5,-10,-1,0
122,27,27,7,2,1,5,5,2,1,-4,1,3,-3,0,2,-2,-10,2,2,-10,2,1,0,0.814814815,35.4309,7,2,1,5,5,2,0,0,-1.37037037,-0.296296296,0.185185185,0.962962963,1.37037037,-0.481481481,-1.037037037,-1.62962963,0.518518519,-2,0,-4,25,-7,28,17,-6
123,9,6,7,2,1,5,5,2,1,-4,1,-3,3,0,2,-2,-10,-2,-2,10,1,1,0,0.777777778,38.9424,7,2,1,5,5,2,0,0,-0.333333333,1.333333333,-0.333333333,0.777777778,-1.444444444,0.444444444,-2.555555556,4.888888889,-1.888888889,10,6,2,8,7,-7,5,5
124,27,27,7,2,1,7,2,1,1,-4,1,-1,4,-1,2,-2,-10,-2,2,10,2,1,0,0.814814815,35.4309,7,2,1,7,2,1,0,0,1.259259259,-2.925925926,-1.962962963,-3.962962963,10.2962963,7.148148148,10,-26,-18,7,2,1,-8,-37,-5,-4,-12
125,27,26,7,2,1,7,2,-1,1,-4,1,1,-4,-1,2,-2,-10,-2,2,-10,1,1,0,0.851851852,31.5863,7,2,1,7,2,1,0,0,0.296296296,-1.296296296,-0.481481481,0.444444444,-0.444444444,-0.222222222,-1.592592593,1.592592593,0.962962963,-1,-1,0,-8,35,13,-5,19
126,9,6,7,2,1,7,2,-1,1,-4,1,-1,4,1,2,-2,-10,2,-2,10,1,1,0,0.777777778,38.9424,7,2,1,7,2,1,0,0,0.555555556,-1.222222222,-0.444444444,-0.666666667,2.666666667,1.333333333,1.444444444,-5.777777778,-2.555555556,8,2,0,1,0,-1,-28,-5
127,3,2,7,2,1,2,1,1,1,-4,1,0,3,-3,2,-2,-10,-6,6,6,1,1,0,0.333333333,70.5288,7,2,1,2,1,1,0,0,-1,0,1,-0.333333333,0.333333333,0.666666667,0.666666667,0.333333333,-2.333333333,-6,-2,-2,-1,-1,0,-4,1
128,9,6,7,2,1,2,1,1,1,-4,1,0,-3,3,2,-2,-10,6,-6,-6,1,1,0,0.777777778,38.9424,7,2,1,2,1,1,0,0,0.555555556,0.444444444,1.222222222,-0.111111111,0.111111111,-0.444444444,0.111111111,-0.111111111,2.444444444,1,1,0,5,4,11,3,1
129,27,26,4,1,1,4,1,1,2,-7,-1,2,-1,-7,2,2,-10,-2,10,-2,1,1,0,0.851851852,31.5863,4,1,1,4,1,1,0,0,-0.259259259,1.740740741,-1.703703704,0.074074074,-0.925925926,0.62962963,0,-1,1,-4,-1,-1,-23,-23,-20,-3,-2
130,27,27,4,1,1,4,1,1,2,-7,-1,-2,1,7,2,2,-10,2,-10,2,2,1,0,0.814814815,35.4309,4,1,1,4,1,1,0,0,0.185185185,1.851851852,-1.592592593,0.074074074,-2.259259259,1.962962963,0,1,-1,4,1,1,37,-8,-5,21,-5
131,27,27,4,1,1,1,1,0,2,-7,-1,5,-5,-2,2,2,-10,-2,2,-10,2,1,0,0.814814815,35.4309,4,1,1,1,1,0,0,0,-1.333333333,-0.333333333,-0.333333333,1.37037037,-0.962962963,0.481481481,-1.62962963,1.037037037,-0.518518519,0,-2,-4,-7,-25,-28,-6,-19
132,27,26,1,1,0,1,1,0,5,-5,2,5,-5,-2,2,-2,-10,-2,2,-10,1,1,0,0.851851852,31.5863,1,1,0,1,1,0,0,0,0.296296296,-1.296296296,-0.481481481,0.444444444,-0.444444444,-0.222222222,-1.592592593,1.592592593,0.962962963,-1,-1,0,-8,35,13,-5,19
133,55,28,10,3,1,10,3,1,0,1,-3,0,-1,3,-2,6,2,2,-6,-2,3,1,0,0.818181818,35.0968,10,3,1,10,3,1,1,0,1.181818182,-2.945454545,-1.981818182,-9.090909091,24.67272727,16.89090909,14,-38,-26,10,3,1,-15,-76,-7,-3,-8
134,11,9,10,3,1,10,3,-1,0,1,-3,0,1,3,-2,6,2,2,-6,2,1,1,0,0.636363636,50.4788,10,3,1,10,3,1,0,0,-0.363636364,0.090909091,1.363636364,-0.090909091,0.272727273,3.090909091,0.090909091,-0.272727273,-5.090909091,-3,-1,0,-7,-12,7,-2,-1
135,5,1,10,3,1,10,3,-1,0,1,-3,0,-1,-3,-2,6,2,-2,6,-2,1,0,0,0.8,36.8699,10,3,1,10,3,1,0,0,1,0.8,0.6,0,0.6,0.2,0,-1.4,0.2,2,0,0,5,-3,4,3,-2
136,55,28,6,2,2,6,2,2,1,-3,0,1,0,-3,3,1,-10,-3,10,-1,3,1,0,0.818181818,35.0968,6,2,2,6,2,2,1,0,-0.490909091,-1.163636364,0.636363636,0.163636364,-0.945454545,0.454545455,-0.4,2.2,-1,-6,-2,-2,-43,-51,-40,-35,-40
137,5,1,6,2,2,6,2,2,1,-3,0,-1,0,3,3,1,-10,3,-10,1,1,0,0,0.8,36.8699,6,2,2,6,2,2,0,0,0.6,-0.8,1,-0.2,0.6,0,0.4,-2.2,1,6,2,2,7,-1,0,2,-1
138,55,28,3,1,0,3,1,0,2,-6,2,2,-6,-2,1,-3,-10,-1,3,-10,3,1,0,0.818181818,35.0968,3,1,0,3,1,0,0,0,0.127272727,-1.381818182,-0.272727273,0.218181818,-0.654545455,-0.181818182,-1.545454545,4.636363636,1.454545455,-3,-1,0,-4,-3,-5,-13,-11
139,11,9,3,1,0,3,1,0,2,-6,2,-2,6,2,1,-3,-10,1,-3,10,1,1,0,0.636363636,50.4788,3,1,0,3,1,0,0,0,0.727272727,-1.181818182,-0.272727273,-0.454545455,1.363636364,0.545454545,1.545454545,-4.636363636,-1.454545455,3,1,0,1,0,-1,-15,1
140,57,29,8,7,1,8,7,1,2,-2,-2,-2,2,2,-2,3,-5,2,-3,5,1,1,1,0.973684211,13.1736,8,7,1,8,7,1,1,0,-0.859649123,1.122807018,0.01754386,1.859649123,-2.122807018,-0.01754386,-14,16,0,8,7,1,64,-1,-49,9,-1
141,19,30,8,7,1,8,7,-1,2,-2,-2,2,-2,2,-2,3,-5,2,-3,-5,1,1,1,0.684210526,46.8264,8,7,1,8,7,1,1,0,0.473684211,-0.210526316,-1.315789474,-0.736842105,1.105263158,4.157894737,1.263157895,-1.894736842,-6.842105263,6,4,0,25,-9,-4,16,-7
142,3,2,8,7,1,8,7,-1,2,-2,-2,-2,2,-2,-2,3,-5,-2,3,5,1,1,0,0.333333333,70.5288,8,7,1,8,7,1,0,0,0,-1,1,-0.333333333,0.333333333,1.333333333,-0.333333333,0.333333333,-0.666666667,-1,-1,0,0,1,-1,1,-4
143,19,30,5,3,2,5,3,2,2,-2,-2,-2,2,2,-1,7,-8,1,-7,8,1,1,1,0.684210526,46.8264,5,3,2,5,3,2,1,0,2.263157895,-2.842105263,-0.894736842,-7.789473684,10.52631579,3.684210526,17,-23,-8,5,3,2,25,-4,-9,23,-2
144,57,29,5,3,2,5,3,-2,2,-2,-2,2,-2,2,-1,7,-8,1,-7,-8,1,1,1,0.973684211,13.1736,5,3,2,5,3,2,1,0,0.263157895,-0.842105263,1.105263158,0.719298246,-5.035087719,7.754385965,0.01754386,-0.122807018,0.140350877,7,1,0,64,-49,-1,48,-35
145,3,2,5,3,2,5,3,-2,2,-2,-2,-2,2,-2,-1,7,-8,-1,7,8,1,1,0,0.333333333,70.5288,5,3,2,5,3,2,0,0,0,-1,1,-0.333333333,0.333333333,1.333333333,-0.333333333,0.333333333,-0.666666667,-1,-1,0,0,1,-1,1,-4
146,57,29,2,2,2,2,2,2,5,-3,-2,5,-2,-3,1,7,-8,-1,8,-7,1,1,1,0.973684211,13.1736,2,2,2,2,2,2,0,0,-1.122807018,-0.859649123,-0.01754386,0.964912281,-0.245614035,-0.719298246,-1.105263158,0.263157895,0.842105263,-2,-2,-2,49,1,64,43,2
147,19,30,2,2,2,2,2,2,5,-3,-2,-5,2,3,1,7,-8,1,-8,7,1,1,1,0.684210526,46.8264,2,2,2,2,2,2,0,0,0.210526316,0.473684211,1.315789474,-0.421052632,0.052631579,0.368421053,1.105263158,-0.263157895,-0.842105263,2,2,2,-9,-25,-4,-2,-9
148,29,11,10,4,0,10,4,0,0,0,2,0,0,-2,4,-10,0,-4,10,0,1,0,0,0.724137931,43.6028,10,4,0,10,4,0,1,0,-0.655172414,2.137931034,1,2.551724138,-6.379310345,-3,-6,15,7,10,4,0,21,20,-29,13,11
149,61,31,11,1,0,11,1,0,0,0,2,0,0,-2,1,-11,0,-1,11,0,1,0,0,0.983606557,10.3889,11,1,0,11,1,0,1,0,0.180327869,-0.983606557,-1,-0.163934426,1.803278689,2,1,-11,-12,11,1,0,60,11,-61,60,11
150,61,31,2,0,0,2,0,0,0,11,1,0,11,-1,0,-1,11,0,1,11,1,0,0,0.983606557,10.3889,2,0,0,2,0,0,0,0,1,0.983606557,0.180327869,0,0.967213115,-0.639344262,0,-1.163934426,0.803278689,2,0,0,61,-11,60,51,-10
151,65,32,11,3,0,11,3,0,0,0,2,0,0,-2,3,-11,0,-3,11,0,1,0,0,0.861538462,30.5102,11,3,0,11,3,0,1,0,1.169230769,-3.953846154,-3,-13.56923077,49.75384615,38,15,-55,-42,11,3,0,56,33,-65,15,10
152,13,3,11,3,0,9,7,0,0,0,2,0,0,2,3,-11,0,7,-9,0,1,0,0,0.923076923,22.6199,11,3,0,9,7,0,1,0,-0.384615385,-0.923076923,-1,0.846153846,0.230769231,0,-1.307692308,-0.538461538,0,0,0,-2,12,-5,13,7,-4
153,5,1,11,3,0,9,7,0,0,0,2,0,0,-2,3,-11,0,-7,9,0,1,0,0,0.8,36.8699,11,3,0,9,7,0,1,0,0.8,-0.6,-1,-0.2,0.4,1,1,-2,-3,4,2,0,3,4,-5,1,3
154,65,33,9,7,0,9,7,0,0,0,2,0,0,-2,7,-9,0,-7,9,0,1,0,0,0.969230769,14.25,9,7,0,9,7,0,1,0,3.138461538,-3.892307692,-1,-42.86153846,55.10769231,14,49,-63,-16,9,7,0,16,63,-65,1,8
155,65,32,2,0,0,2,0,0,0,11,3,0,11,-3,0,-3,11,0,3,11,1,0,0,0.861538462,30.5102,2,0,0,2,0,0,0,0,1,0.861538462,0.507692308,0,0.384615385,-0.076923077,0,-1.369230769,0.353846154,2,0,0,65,-33,56,19,-10
156,65,33,2,0,0,2,0,0,0,9,7,0,9,-7,0,-7,9,0,7,9,1,0,0,0.969230769,14.25,2,0,0,2,0,0,0,0,1,0.246153846,0.969230769,0,0.138461538,0.107692308,0,-1.215384615,-0.723076923,2,0,0,65,-63,16,9,-8
157,33,34,8,8,2,8,8,2,1,-1,0,-1,1,0,1,1,-8,-1,-1,8,1,1,0,0.939393939,20.05,8,8,2,8,8,2,1,0,-1.757575758,1.242424242,3.060606061,-3.757575758,2.242424242,6.060606061,5,-3,-8,8,8,2,-7,-40,23,-2,-7
158,11,9,10,4,4,8,8,2,0,1,-1,1,-1,0,-4,5,5,1,1,-8,1,1,0,0.636363636,50.4788,10,4,4,8,8,2,1,0,0,1,-1,1,-3,4,-1.090909091,3.363636364,-4.636363636,10,6,2,13,3,-8,6,1
159,3,2,10,4,4,8,8,2,0,1,-1,-1,1,0,-4,5,5,-1,-1,8,1,1,0,0.333333333,70.5288,10,4,4,8,8,2,1,0,-1.333333333,-0.333333333,-0.333333333,0.333333333,-0.666666667,0.333333333,-1,1,0,-2,-2,-2,1,1,4,1,2
160,33,35,10,4,4,10,4,4,0,1,-1,0,-1,1,-4,5,5,4,-5,-5,1,1,0,0.515151515,58.9924,10,4,4,10,4,4,1,0,1.303030303,-1.878787879,-0.878787879,-0.121212121,0.151515152,0.151515152,2.666666667,-4.333333333,-2.333333333,10,4,4,37,28,-5,0,1
161,33,34,8,1,1,8,1,1,0,1,-1,0,-1,1,-2,8,8,2,-8,-8,1,1,0,0.939393939,20.05,8,1,1,8,1,1,1,0,-0.757575758,4.03030303,3.03030303,3.212121212,-14.84848485,-10.84848485,-8,37,27,8,1,1,-23,-40,-7,-20,-32
162,11,9,8,1,1,5,5,4,0,1,-1,1,-1,0,-2,8,8,4,4,-10,1,1,0,0.636363636,50.4788,8,1,1,5,5,4,1,0,0,1,-1,1,-3,4,-1.090909091,3.363636364,-4.636363636,10,6,2,13,3,-8,6,1
163,3,2,8,1,1,5,5,4,0,1,-1,-1,1,0,-2,8,8,-4,-4,10,1,1,0,0.333333333,70.5288,8,1,1,5,5,4,1,0,-1.333333333,0.333333333,0.333333333,-0.333333333,-0.666666667,0.333333333,-0.333333333,1.333333333,0.333333333,-1,0,-1,-1,-1,0,-4,1
164,33,35,5,5,4,5,5,4,1,-1,0,-1,1,0,4,4,-10,-4,-4,10,1,1,0,0.515151515,58.9924,5,5,4,5,5,4,1,0,-0.848484848,0.151515152,1.121212121,-5.424242424,0.575757576,6.060606061,9,-1,-10,5,5,4,-4,-15,-1,6,4
165,33,34,1,1,0,1,1,0,1,-1,8,1,-1,-8,8,-8,-2,-8,8,-2,1,1,0,0.939393939,20.05,1,1,0,1,1,0,0,0,-0.727272727,-0.272727273,1.181818182,-0.181818182,0.181818182,0.545454545,0.151515152,-0.151515152,-0.787878788,-1,-1,0,8,3,-13,5,-2
166,33,35,1,1,0,1,1,0,5,-5,4,5,-5,-4,4,-4,-10,-4,4,-10,1,1,0,0.515151515,58.9924,1,1,0,1,1,0,0,0,0.363636364,-1.363636364,0.090909091,0.151515152,-0.151515152,0.121212121,-0.575757576,0.575757576,-0.060606061,-1,-1,0,-4,15,-1,-3,7
167,35,36,10,6,2,10,6,2,0,1,-3,0,-1,3,-2,3,1,2,-3,-1,2,1,1,0.828571429,34.0477,10,6,2,10,6,2,0,0,-0.428571429,1.342857143,0.114285714,1.857142857,-3.085714286,-0.028571429,-3,5,0,10,6,2,25,36,-23,8,13
168,7,8,10,6,2,10,6,-2,0,1,-3,0,1,3,-2,3,1,2,-3,1,1,1,1,0.785714286,38.2132,10,6,2,10,6,2,0,0,0.428571429,-1.142857143,-0.714285714,0.285714286,-0.428571429,-0.142857143,-3.428571429,5.142857143,3.714285714,-6,-4,0,-1,-9,4,-2,-7
169,5,1,10,6,2,10,6,-2,0,1,-3,0,-1,-3,-2,3,1,-2,3,-1,1,0,0,0.8,36.8699,10,6,2,10,6,2,0,0,1,0.8,0.6,0,0.6,0.2,0,-1.4,0.2,2,0,0,5,-3,4,3,-2
170,35,36,3,2,1,3,2,-1,1,0,-3,1,0,3,-6,10,-2,6,-10,-2,2,1,1,0.828571429,34.0477,3,2,1,3,2,1,0,0,1.4,-2,-0.2,0.171428571,-0.285714286,0.057142857,1.971428571,-3.285714286,-0.342857143,5,3,0,23,20,-39,21,19
171,5,1,3,2,1,3,2,-1,1,0,-3,-1,0,-3,-6,10,-2,-6,10,2,1,0,0,0.8,36.8699,3,2,1,3,2,1,0,0,-0.8,-1,-0.6,0.6,0,0.2,-1.4,0,0.2,0,-2,0,1,0,7,0,1
172,35,36,3,1,0,3,1,0,1,-3,2,1,-3,-2,2,-6,-10,-2,6,-10,2,1,1,0.828571429,34.0477,3,1,0,3,1,0,0,0,0.114285714,-1.342857143,0.428571429,0.342857143,-1.028571429,0.285714286,-1.571428571,4.714285714,-1.142857143,-3,-1,0,-23,-36,-25,-9,-13
173,7,8,3,1,0,3,1,0,1,-3,2,-1,3,2,2,-6,-10,2,-6,10,1,1,1,0.785714286,38.2132,3,1,0,3,1,0,0,0,0.714285714,-1.142857143,0.428571429,0.142857143,-0.428571429,0.285714286,1.571428571,-4.714285714,1.142857143,3,1,0,8,-3,-5,1,-1
174,15,4,10,6,2,10,6,2,0,3,-9,5,-8,-1,-6,9,3,1,2,-11,2,1,0,0.666666667,48.1897,10,6,2,10,6,2,0,0,0.333333333,0.533333333,-1.266666667,0,-0.2,0.6,0.333333333,1.333333333,-5.666666667,10,6,2,20,-1,-7,3,-1
175,21,20,10,6,2,10,6,2,0,3,-9,-5,8,1,-6,9,3,-1,-2,11,2,1,0,0.523809524,58.4119,10,6,2,10,6,2,0,0,-0.238095238,0.19047619,-1.380952381,0.238095238,0.80952381,-3.619047619,-0.333333333,-1.333333333,5.666666667,-10,-6,-2,-8,-23,-17,-7,-17
176,105,37,10,6,2,10,6,-2,0,3,-9,5,-8,1,-6,9,3,-1,-2,-11,2,1,1,-0.828571429,145.952,10,6,2,10,6,2,0,0,-0.666666667,1.666666667,-1.666666667,3,-6.6,6.8,-11.95238095,26.2952381,-27.12380952,11,5,0,40,-11,-27,-10,-6
177,3,2,10,6,2,10,6,-2,0,3,-9,-5,8,-1,-6,9,3,1,2,11,1,1,0,0.333333333,70.5288,10,6,2,10,6,2,0,0,0.333333333,-1.333333333,0.333333333,0.666666667,-0.666666667,0.666666667,-1.666666667,1.666666667,-0.666666667,-1,-1,0,-1,4,-1,0,-1
178,3,2,10,6,2,10,6,-2,0,3,-9,5,-7,4,-6,9,3,1,-5,-10,1,1,0,0.333333333,70.5288,10,6,2,10,6,2,0,0,1,-1,0,0.333333333,-0.666666667,0.333333333,1.666666667,-3.333333333,-0.333333333,4,2,0,1,0,-1,-4,-1
179,105,38,10,6,2,10,6,-2,0,3,-9,-5,7,-4,-6,9,3,-1,5,10,2,1,1,0.542857143,57.1217,10,6,2,10,6,2,0,0,0.571428571,-0.657142857,1.114285714,2.80952381,-2.247619048,4.695238095,-6.095238095,4.876190476,-10.15238095,-8,-10,0,5,24,43,-2,1
180,63,39,10,6,2,10,6,-2,5,-8,-1,5,-8,1,1,2,-11,-1,-2,-11,2,1,0,0.920634921,22.9809,10,6,2,10,6,2,0,0,0.952380952,0.904761905,0.523809524,0.444444444,0.888888889,1.111111111,-0.746031746,-1.492063492,-1.793650794,4,-2,0,17,-8,23,16,-9
181,45,22,10,6,2,10,6,-2,5,-8,-1,-5,8,-1,1,2,-11,1,2,11,2,2,1,-0.6,126.87,10,6,2,10,6,2,0,0,1.666666667,-2.866666667,-1.733333333,0.111111111,-0.177777778,-0.022222222,-2.555555556,4.088888889,2.511111111,-16,-10,0,-5,-16,13,12,1
182,315,40,10,6,2,10,6,2,5,-8,-1,5,-7,-4,1,2,-11,-1,5,-10,5,3,1,0.944444444,19.1881,10,6,2,10,6,2,0,0,-0.904761905,0.99047619,-0.447619048,-2.095238095,4.00952381,-1.552380952,2.555555556,-4.888888889,1.888888889,-10,-6,-2,-260,-79,-353,-77,-24
183,9,6,10,6,2,10,6,2,5,-8,-1,-5,7,4,1,2,-11,1,-5,10,1,1,0,0.777777778,38.9424,10,6,2,10,6,2,0,0,-0.333333333,1.333333333,-0.333333333,0.777777778,-1.444444444,0.444444444,-2.555555556,4.888888889,-1.888888889,10,6,2,8,7,-7,5,5
184,63,41,10,6,2,10,6,-2,5,-7,-4,5,-7,4,-1,5,-10,1,-5,-10,2,1,0,-0.984126984,169.778,10,6,2,10,6,2,0,0,0.238095238,-0.19047619,1.380952381,-0.19047619,0.952380952,-3.904761905,0.365079365,-1.825396825,7.650793651,5,1,0,8,-5,3,20,0
185,45,21,10,6,2,10,6,-2,5,-7,-4,-5,7,-4,-1,5,-10,-1,5,10,2,2,1,0.6,53.1301,10,6,2,10,6,2,0,0,-1,1.2,3.4,-10.11111111,14.15555556,38.08888889,10.77777778,-15.08888889,-40.62222222,-7,-5,0,0,-7,1,-11,-9
186,15,4,11,2,1,3,2,1,1,-8,5,3,0,-9,2,-6,-10,-6,10,-2,2,1,0,0.666666667,48.1897,11,2,1,3,2,1,0,0,-0.8,-0.6,1,-0.2,-0.4,1,0.066666667,0.466666667,-0.666666667,-6,-2,-2,-13,-16,-5,-4,-3
187,105,37,11,2,1,3,2,1,1,-8,5,-3,0,9,2,-6,-10,6,-10,2,2,1,1,-0.828571429,145.952,11,2,1,3,2,1,0,0,1.866666667,-1.933333333,4.333333333,-1.79047619,2.038095238,-4.380952381,4.828571429,-5.485714286,11.85714286,7,4,-1,27,-11,40,11,-8
188,21,20,11,2,1,3,2,-1,1,-8,5,3,0,9,2,-6,-10,6,-10,-2,2,1,0,0.523809524,58.4119,11,2,1,3,2,1,0,0,-0.19047619,0.238095238,-1.380952381,0.380952381,-0.476190476,0.761904762,-0.238095238,0.047619048,-0.476190476,4,0,-2,4,-5,29,1,-3
189,3,2,11,2,1,3,2,-1,1,-8,5,-3,0,-9,2,-6,-10,-6,10,2,1,1,0,0.333333333,70.5288,11,2,1,3,2,1,0,0,-0.333333333,-0.333333333,1.333333333,0,0,2,-0.333333333,0.666666667,-3.666666667,-4,-2,0,-1,-4,1,-2,-3
190,63,39,11,2,1,11,2,1,1,-8,5,-1,8,-5,2,-6,-10,-2,6,10,2,1,0,0.920634921,22.9809,11,2,1,11,2,1,0,0,-0.825396825,3.031746032,4.015873016,-0.365079365,1.206349206,1.603174603,3,-10,-13,11,2,1,-4,-9,-1,-12,4
191,35,36,11,2,1,11,2,-1,1,-8,5,1,-8,-5,2,-6,-10,-2,6,-10,2,1,1,0.828571429,34.0477,11,2,1,11,2,1,0,0,0.114285714,-1.342857143,0.428571429,0.342857143,-1.028571429,0.285714286,-1.571428571,4.714285714,-1.142857143,-3,-1,0,-23,-36,-25,-9,-13
192,45,22,11,2,1,11,2,-1,1,-8,5,-1,8,5,2,-6,-10,2,-6,10,2,2,1,-0.6,126.87,11,2,1,11,2,1,0,0,0.288888889,-1.311111111,0.444444444,-0.711111111,5.688888889,-1.555555556,1.444444444,-11.55555556,3.222222222,16,2,0,49,-32,-25,30,-25
193,9,6,11,2,1,10,5,1,1,-8,5,4,-7,-5,2,-6,-10,-2,6,-10,1,1,0,0.777777778,38.9424,11,2,1,10,5,1,0,0,-0.333333333,-1.333333333,0.333333333,0.111111111,-0.888888889,0.555555556,-0.222222222,0.777777778,-0.111111111,-6,-2,-2,-7,-7,-8,-6,-5
194,7,8,11,2,1,10,5,1,1,-8,5,-4,7,5,2,-6,-10,2,-6,10,1,1,1,0.785714286,38.2132,11,2,1,10,5,1,0,0,0.714285714,-1.142857143,0.428571429,0.142857143,-0.428571429,0.285714286,1.571428571,-4.714285714,1.142857143,3,1,0,8,-3,-5,1,-1
195,315,40,11,2,1,10,5,-1,1,-8,5,4,-7,5,2,-6,-10,2,-6,-10,5,3,1,0.944444444,19.1881,11,2,1,10,5,1,0,1,-1.219047619,-0.676190476,-0.238095238,0.479365079,0.450793651,-0.174603175,-0.555555556,-0.555555556,0.222222222,2,-6,-10,-31,-292,-335,-21,-187
196,5,1,11,2,1,10,5,-1,1,-8,5,-4,7,-5,2,-6,-10,-2,6,10,1,0,0,0.8,36.8699,11,2,1,10,5,1,0,0,0.6,-0.8,-1,-0.4,1.2,2,1,-3,-4,3,1,0,4,3,-5,1,2
197,15,4,10,5,1,3,2,1,4,-7,-5,3,0,-9,-2,6,-10,-6,10,-2,2,1,0,0.666666667,48.1897,10,5,1,3,2,1,0,0,-0.2,-1.4,0,0.2,-0.6,0,-0.866666667,2.266666667,0.333333333,-6,-2,-2,-4,-3,-5,-7,-4
198,105,38,10,5,1,3,2,1,4,-7,-5,-3,0,9,-2,6,-10,6,-10,2,2,1,1,0.542857143,57.1217,10,5,1,3,2,1,0,0,1.476190476,-2.761904762,2.047619048,-11.0952381,21.95238095,-15.80952381,25.45714286,-50.37142857,36.28571429,11,7,2,116,37,-85,95,30
199,21,20,10,5,1,3,2,-1,4,-7,-5,3,0,9,-2,6,-10,6,-10,-2,2,1,0,0.523809524,58.4119,10,5,1,3,2,1,0,0,0.80952381,-1.095238095,0.380952381,0.238095238,-0.380952381,0.523809524,0.380952381,-0.80952381,0.238095238,14,6,-2,2,-5,5,-9,-3
200,3,2,10,5,1,3,2,-1,4,-7,-5,-3,0,-9,-2,6,-10,-6,10,2,1,1,0,0.333333333,70.5288,10,5,1,3,2,1,0,0,0.333333333,-1.333333333,0.333333333,0.666666667,-0.666666667,0.666666667,-1.666666667,1.666666667,-0.666666667,-1,-1,0,-1,4,-1,0,-1
201,63,41,10,5,1,10,5,1,4,-7,-5,-4,7,5,-2,6,-10,2,-6,10,2,1,0,-0.984126984,169.778,10,5,1,10,5,1,0,0,1.158730159,-1.920634921,-0.984126984,-3.46031746,6.26984127,3.253968254,16,-29,-15,10,5,1,13,-88,-5,11,-84
202,35,36,10,5,1,10,5,-1,4,-7,-5,4,-7,5,-2,6,-10,2,-6,-10,2,1,1,0.828571429,34.0477,10,5,1,10,5,1,0,0,0.457142857,-0.371428571,1.285714286,-0.057142857,0.171428571,-0.285714286,0.714285714,-2.142857143,4.571428571,3,1,0,43,-24,5,21,-13
203,45,21,10,5,1,10,5,-1,4,-7,-5,-4,7,-5,-2,6,-10,-2,6,10,2,2,1,0.6,53.1301,10,5,1,10,5,1,0,0,-0.155555556,0.022222222,2.444444444,-0.177777778,0.311111111,10.22222222,0.444444444,-0.777777778,-26.55555556,-14,-8,0,-1,-7,0,-46,-27
204,35,36,8,5,1,8,5,-1,2,-1,-11,2,-1,11,-6,10,-2,6,-10,-2,2,1,1,0.828571429,34.0477,8,5,1,8,5,1,0,0,1.4,-2,-0.2,0.171428571,-0.285714286,0.057142857,1.971428571,-3.285714286,-0.342857143,5,3,0,23,20,-39,21,19
205,63,39,8,5,1,8,5,-1,2,-1,-11,-2,1,-11,-6,10,-2,-6,10,2,2,1,0,0.920634921,22.9809,8,5,1,8,5,1,0,0,-0.587301587,-0.206349206,-1.26984127,-0.19047619,0.095238095,-0.952380952,0.793650794,-0.396825397,3.634920635,-2,-4,0,37,13,80,19,6
206,315,40,8,5,1,7,5,4,2,-1,-11,5,1,-10,-6,10,-2,-6,10,-2,5,3,1,0.944444444,19.1881,8,5,1,7,5,4,0,1,0.99047619,0.904761905,-0.447619048,0.450793651,0.174603175,-0.479365079,-0.555555556,-0.222222222,0.555555556,-6,10,-2,-181,140,-17,-19,3
207,7,8,8,5,1,7,5,4,2,-1,-11,-5,-1,10,-6,10,-2,6,-10,2,1,1,1,0.785714286,38.2132,8,5,1,7,5,4,0,0,-0.571428571,1.285714286,0.142857143,1.571428571,-2.285714286,-0.142857143,-4,6,0,3,2,1,9,-1,-4,4,-1
208,21,20,8,5,1,3,1,0,2,-1,-11,3,-9,6,-6,10,-2,2,-6,-10,2,1,0,0.523809524,58.4119,8,5,1,3,1,0,0,0,-0.666666667,2.333333333,-0.333333333,-2,5,-1,2.238095238,-5.619047619,1.19047619,14,6,2,5,2,-5,-8,-3
209,105,37,8,5,1,3,1,0,2,-1,-11,-3,9,-6,-6,10,-2,-2,6,10,2,1,1,-0.828571429,145.952,8,5,1,3,1,0,0,0,2.476190476,-4.238095238,1.380952381,4.647619048,-7.523809524,2.438095238,-7.057142857,11.42857143,-3.685714286,-7,-4,1,13,-45,16,0,-13
210,35,36,7,5,4,7,5,-4,5,1,-10,5,1,10,-6,10,-2,6,-10,-2,2,1,1,0.828571429,34.0477,7,5,4,7,5,4,0,0,1.4,-2,-0.2,0.171428571,-0.285714286,0.057142857,1.971428571,-3.285714286,-0.342857143,5,3,0,23,20,-39,21,19
211,63,41,7,5,4,7,5,-4,5,1,-10,-5,-1,-10,-6,10,-2,-6,10,2,2,1,0,-0.984126984,169.778,7,5,4,7,5,4,0,0,-0.19047619,-0.238095238,1.380952381,-0.158730159,-0.031746032,2.317460317,0.079365079,0.015873016,-2.158730159,1,-5,0,-4,-5,29,-2,-9
212,21,20,7,5,4,3,1,0,5,1,-10,3,-9,-6,-6,10,-2,-2,6,-10,2,1,0,0.523809524,58.4119,7,5,4,3,1,0,0,0,-0.19047619,-0.238095238,1.380952381,0.523809524,0.904761905,-1.047619048,-0.904761905,-1.380952381,1.80952381,4,0,2,23,-8,17,21,-7
213,105,38,7,5,4,3,1,0,5,1,-10,-3,9,6,-6,10,-2,2,-6,10,2,1,1,0.542857143,57.1217,7,5,4,3,1,0,0,0,-1.361904762,1.047619048,3.323809524,-17.04761905,14.19047619,44.0952381,23.17142857,-19.28571429,-59.94285714,-11,-7,-2,-32,-145,1,-5,-17
214,73,42,11,5,0,11,5,0,0,0,2,0,0,-2,5,-11,0,-5,11,0,1,0,0,0.753424658,41.1121,11,5,0,11,5,0,1,0,-0.849315068,2.068493151,1,5.616438356,-12.35616438,-6,-15,33,16,11,5,0,48,55,-73,34,42
215,73,42,2,0,0,2,0,0,0,11,5,0,11,-5,0,-5,11,0,5,11,1,0,0,0.753424658,41.1121,2,0,0,2,0,0,0,0,1,0.657534247,0.753424658,0,0.520547945,0.054794521,0,-1.410958904,-0.095890411,2,0,0,73,-55,48,28,-21
216,37,15,12,2,0,12,2,0,0,0,2,0,0,-2,2,-12,0,-2,12,0,1,0,0,0.945945946,18.9246,12,2,0,12,2,0,1,0,0.324324324,-0.945945946,-1,-0.135135135,0.810810811,1,1,-6,-7,12,2,0,35,12,-37,29,11
217,77,43,12,3,1,12,3,1,2,-5,-9,-2,5,9,-2,10,-6,2,-10,6,3,1,0,0.87012987,29.5263,12,3,1,12,3,1,0,0,-0.844155844,3.038961039,2.012987013,0.571428571,-1.857142857,-1.285714286,-1.272727273,4.181818182,2.727272727,12,3,1,-31,-104,-9,-11,-32
218,35,36,12,3,1,12,3,-1,2,-5,-9,2,-5,9,-2,10,-6,2,-10,-6,2,1,1,0.828571429,34.0477,12,3,1,12,3,1,0,0,0.457142857,-1.285714286,0.371428571,-0.485714286,2.428571429,-0.457142857,1.514285714,-7.571428571,1.542857143,5,1,0,39,-20,-23,3,0
219,55,44,12,3,1,12,3,-1,2,-5,-9,-2,5,-9,-2,10,-6,-2,10,6,2,1,1,0.781818182,38.5727,12,3,1,12,3,1,0,0,-0.890909091,1.727272727,-1.490909091,-2.109090909,5.272727273,-4.509090909,5.127272727,-12.81818182,10.92727273,-10,-4,0,-3,-5,-4,32,11
220,7,8,12,3,1,9,8,3,2,-5,-9,7,-6,-5,-2,10,-6,-2,6,-10,1,1,1,0.785714286,38.2132,12,3,1,9,8,3,0,0,1.285714286,0.571428571,-0.142857143,-0.714285714,0.571428571,-0.142857143,1.142857143,-0.714285714,0.428571429,2,2,-2,8,-5,3,1,-2
221,11,9,12,3,1,9,8,3,2,-5,-9,-7,6,5,-2,10,-6,2,-6,10,1,1,0,0.636363636,50.4788,12,3,1,9,8,3,0,0,-1.272727273,1.181818182,1.727272727,-4.818181818,5.545454545,8.181818182,6.272727273,-7.181818182,-10.72727273,-8,-4,-2,-8,-13,3,-5,-6
222,5,1,12,3,1,9,8,-3,2,-5,-9,7,-6,5,-2,10,-6,2,-6,-10,1,0,0,0.8,36.8699,12,3,1,9,8,3,0,0,0.8,-1,-0.6,0,1,1,0.2,-2,-1.4,6,2,-2,3,-5,4,1,-4
223,385,45,12,3,1,9,8,-3,2,-5,-9,-7,6,-5,-2,10,-6,-2,6,10,5,3,1,0.590909091,53.7785,12,3,1,9,8,3,0,1,0.355844156,1.038961039,-6.387012987,10.71428571,28.42857143,-170.8571429,-11.21298701,-29.75324675,178.8155844,-32,-24,-6,-52,-475,-261,-13,-108
224,77,46,9,8,3,9,8,3,7,-6,-5,-7,6,5,-2,6,-10,2,-6,10,3,1,0,-0.168831169,99.7199,9,8,3,9,8,3,0,0,-0.883116883,1.103896104,0.038961039,5.961038961,-6.701298701,-0.012987013,-16,18,0,9,8,3,-31,-96,41,-3,-7
225,35,36,9,8,3,9,8,-3,7,-6,-5,7,-6,5,-2,6,-10,2,-6,-10,2,1,1,0.828571429,34.0477,9,8,3,9,8,3,0,0,0.457142857,-0.371428571,1.285714286,-0.057142857,0.171428571,-0.285714286,0.714285714,-2.142857143,4.571428571,3,1,0,43,-24,5,21,-13
226,55,47,9,8,3,9,8,-3,7,-6,-5,-7,6,-5,-2,6,-10,-2,6,10,2,1,1,-0.963636364,164.501,9,8,3,9,8,3,0,0,-0.654545455,0.418181818,1.181818182,-1.654545455,1.418181818,3.181818182,1.527272727,-1.309090909,-3.090909091,-12,-14,0,-29,72,5,-13,29
227,77,43,10,6,2,10,6,-2,5,-9,2,5,-9,-2,3,-1,-12,-3,1,-12,3,1,0,0.87012987,29.5263,10,6,2,10,6,2,0,0,-0.415584416,-0.194805195,-1.337662338,-0.545454545,0.181818182,-3.818181818,0.74025974,-0.246753247,5.038961039,-1,-3,0,32,15,103,29,13
228,55,44,10,6,2,10,6,-2,5,-9,2,-5,9,2,3,-1,-12,3,-1,12,2,1,1,0.781818182,38.5727,10,6,2,10,6,2,0,0,1.272727273,-2.090909091,-0.090909091,-4.090909091,7.363636364,0.363636364,16.45454545,-29.61818182,-1.418181818,9,5,0,40,27,-61,30,20
229,385,45,10,6,2,10,6,2,5,-9,2,5,-6,-7,3,-1,-12,-3,8,-9,5,3,1,0.590909091,53.7785,10,6,2,10,6,2,0,0,-0.571428571,0.657142857,-1.114285714,-0.532467532,1.644155844,-2.27012987,1.090909091,-3.363636364,4.636363636,-10,-6,-2,-205,-291,-412,-162,-229
230,11,9,10,6,2,10,6,2,5,-9,2,-5,6,7,3,-1,-12,3,-8,9,1,1,0,0.636363636,50.4788,10,6,2,10,6,2,0,0,0,1,-1,1,-3,4,-1.090909091,3.363636364,-4.636363636,10,6,2,13,3,-8,6,1
231,77,46,10,6,2,10,6,-2,5,-6,-7,5,-6,7,-3,8,-9,3,-8,-9,3,1,0,-0.168831169,99.7199,10,6,2,10,6,2,0,0,0.753246753,-1.675324675,3.25974026,-0.038961039,0.103896104,-0.116883117,1.012987013,-2.701298701,5.038961039,16,6,0,95,-48,-23,19,-7
232,55,47,10,6,2,10,6,-2,5,-6,-7,-5,6,-7,-3,8,-9,-3,8,9,2,1,1,-0.963636364,164.501,10,6,2,10,6,2,0,0,0,-0.2,-1.4,0.636363636,-0.763636364,-8.890909091,-1.090909091,1.309090909,15.52727273,-12,-10,0,5,-72,-29,1,-31
233,55,44,9,5,2,9,5,2,1,3,-12,-1,-3,12,-6,10,2,6,-10,-2,2,1,1,0.781818182,38.5727,9,5,2,9,5,2,0,0,-1.836363636,3.090909091,1.036363636,23.69090909,-37.72727273,-12.29090909,-27,43,14,9,5,2,4,5,-3,-11,1
234,35,36,9,5,2,9,5,-2,1,3,-12,1,3,12,-6,10,2,6,-10,2,2,1,1,0.828571429,34.0477,9,5,2,9,5,2,0,0,-1.057142857,1.428571429,1.685714286,-4.542857143,7.571428571,8.514285714,7.114285714,-11.85714286,-13.37142857,-5,-3,0,-11,-40,27,-7,-21
235,77,43,9,5,2,9,5,-2,1,3,-12,-1,-3,-12,-6,10,2,-6,10,-2,3,1,0,0.87012987,29.5263,9,5,2,9,5,2,0,0,0.194805195,-0.415584416,-1.337662338,0.220779221,0.662337662,1.350649351,-0.558441558,-1.675324675,-3.298701299,3,-1,0,64,-39,79,11,-7
236,11,9,9,5,2,7,6,5,1,3,-12,9,-8,-3,-6,10,2,2,6,-10,1,1,0,0.636363636,50.4788,9,5,2,7,6,5,0,0,-0.272727273,1.181818182,-0.727272727,-0.454545455,0.636363636,-0.545454545,1.545454545,-2.363636364,2.454545455,6,6,2,-15,-1,4,-13,-2
237,5,1,9,5,2,7,6,5,1,3,-12,-9,8,3,-6,10,2,-2,-6,10,1,0,0,0.8,36.8699,9,5,2,7,6,5,0,0,0.2,0,-1.4,-1.2,-1,3.4,-0.4,0,0.8,-2,-1,-1,-4,-5,3,-1,-1
238,385,45,9,5,2,7,6,-5,1,3,-12,9,-8,3,-6,10,2,-2,-6,-10,5,3,1,0.590909091,53.7785,9,5,2,7,6,5,0,1,-3.732467532,8.402597403,-1.21038961,-7.711688312,17.06493506,-2.45974026,11.93246753,-26.4025974,3.81038961,62,26,-14,-1383,3320,-2269,-745,1785
239,7,8,9,5,2,7,6,-5,1,3,-12,-9,8,-3,-6,10,2,2,6,10,1,1,1,0.785714286,38.2132,9,5,2,7,6,5,0,0,0.428571429,-0.714285714,-1.142857143,-0.285714286,0.142857143,2.428571429,-0.285714286,0.142857143,0.428571429,-2,-4,0,-3,5,8,-2,1
240,55,47,7,6,5,7,6,5,2,6,-10,-2,-6,10,-9,8,3,9,-8,-3,2,1,1,-0.963636364,164.501,7,6,5,7,6,5,0,0,-0.872727273,1.109090909,0.090909091,1.872727273,-2.109090909,-0.090909091,-2.4,2.8,0,7,6,5,106,83,5,88,69
241,77,46,7,6,5,7,6,-5,2,6,-10,2,6,10,-9,8,3,9,-8,3,3,1,0,-0.168831169,99.7199,7,6,5,7,6,5,0,0,-0.987012987,0.766233766,0.662337662,-10.63636364,9.454545455,7.545454545,15.8961039,-14.12987013,-11.2987013,-16,-18,0,-31,96,-41,-19,55
242,35,36,7,6,5,7,6,-5,2,6,-10,-2,-6,-10,-9,8,3,-9,8,-3,2,1,1,0.828571429,34.0477,7,6,5,7,6,5,0,0,0.457142857,0.371428571,-1.285714286,-0.114285714,-0.342857143,2.571428571,0.142857143,0.428571429,-3.714285714,3,-1,0,23,-36,25,9,-13
243,41,48,8,8,6,8,8,6,1,-1,0,-1,1,0,3,3,-8,-3,-3,8,1,1,0,0.56097561,55.8767,8,8,6,8,8,6,1,0,-0.804878049,0.195121951,1.146341463,-5.268292683,0.731707317,6.048780488,7,-1,-8,8,8,6,-15,-56,-1,-12,-37
244,41,48,8,3,3,8,3,3,0,1,-1,0,-1,1,-6,8,8,6,-8,-8,1,1,0,0.56097561,55.8767,8,3,3,8,3,3,1,0,1.195121951,-1.926829268,-0.926829268,-4.829268293,8.43902439,4.43902439,12,-21,-11,8,3,3,47,33,-8,0,1
245,41,19,10,8,0,10,8,0,0,0,2,0,0,-2,8,-10,0,-8,10,0,1,0,0,0.975609756,12.6804,10,8,0,10,8,0,1,0,-0.756097561,1.195121951,0,4,-5,-1,-0.195121951,0.243902439,0,10,8,0,9,40,-41,1,9
246,41,48,1,1,0,1,1,0,3,-3,8,3,-3,-8,8,-8,-6,-8,8,-6,1,1,0,0.56097561,55.8767,1,1,0,1,1,0,0,0,-0.195121951,-0.804878049,1.146341463,0.536585366,-0.536585366,2.097560976,-0.609756098,0.609756098,-2.292682927,-1,-1,0,8,33,-47,7,26
247,85,49,13,1,0,13,1,0,0,0,2,0,0,-2,1,-13,0,-1,13,0,1,0,0,0.988235294,8.79741,13,1,0,13,1,0,1,0,0.152941176,-0.988235294,-1,-0.141176471,1.835294118,2,1,-13,-14,13,1,0,84,13,-85,84,13
248,17,5,13,1,0,11,7,0,0,0,2,0,0,2,1,-13,0,7,-11,0,1,0,0,0.882352941,28.0725,13,1,0,11,7,0,1,0,-0.470588235,-0.882352941,-1,1.058823529,0.235294118,0,-1.352941176,-0.411764706,0,0,0,-2,15,-8,17,11,-7
249,5,1,13,1,0,11,7,0,0,0,2,0,0,-2,1,-13,0,-7,11,0,1,0,0,0.8,36.8699,13,1,0,11,7,0,1,0,0.6,-0.8,-1,-0.4,1.2,2,1,-3,-4,3,1,0,4,3,-5,1,2
250,85,50,11,7,0,11,7,0,0,0,2,0,0,-2,7,-11,0,-7,11,0,1,0,0,0.905882353,25.0576,11,7,0,11,7,0,1,0,-1.870588235,3.082352941,1,19.43529412,-30.54117647,-10,-35,55,18,11,7,0,36,77,-85,15,25
251,85,49,2,0,0,2,0,0,0,13,1,0,13,-1,0,-1,13,0,1,13,1,0,0,0.988235294,8.79741,2,0,0,2,0,0,0,0,1,0.988235294,0.152941176,0,0.976470588,-0.694117647,0,-1.141176471,0.835294118,2,0,0,85,-13,84,73,-12
252,85,50,2,0,0,2,0,0,0,11,7,0,11,-7,0,-7,11,0,7,11,1,0,0,0.905882353,25.0576,2,0,0,2,0,0,0,0,1,0.423529412,0.905882353,0,0.729411765,0.282352941,0,-1.329411765,-0.482352941,2,0,0,85,-77,36,48,-43
253,43,51,10,6,6,10,6,6,0,1,-1,0,-1,1,-6,5,5,6,-5,-5,1,1,0,0.162790698,80.6311,10,6,6,10,6,6,1,0,-0.534883721,1.279069767,0.279069767,0.627906977,-1.023255814,-0.023255814,-3,5,0,10,6,6,-37,-48,-5,-37,-47
254,43,51,6,5,5,6,5,5,0,1,-1,0,-1,1,-10,6,6,10,-6,-6,1,1,0,0.162790698,80.6311,6,5,5,6,5,5,1,0,-0.860465116,1.11627907,0.11627907,8.372093023,-10.02325581,-0.023255814,-10,12,0,6,5,5,83,62,19,40,30
255,43,51,1,1,0,1,1,0,5,-5,6,5,-5,-6,6,-6,-10,-6,6,-10,1,1,0,0.162790698,80.6311,1,1,0,1,1,0,0,0,0.279069767,-1.279069767,0.534883721,0.837209302,-0.837209302,0.604651163,-1.558139535,1.558139535,-1.069767442,-1,-1,0,-12,55,-23,-1,4
256,87,52,11,7,2,11,7,2,1,-1,-2,-1,1,2,-4,8,-6,4,-8,6,2,1,1,0.862068966,30.4503,11,7,2,11,7,2,1,0,2.126436782,-2.91954023,-0.977011494,-25.83908046,37.01149425,12.57471264,37,-53,-18,11,7,2,56,91,-61,47,78
257,29,53,11,7,2,11,7,-2,1,-1,-2,1,-1,2,-4,8,-6,4,-8,-6,2,1,0,-0.379310345,112.291,11,7,2,11,7,2,0,0,0.965517241,-0.931034483,0.448275862,-1.034482759,2.068965517,-0.551724138,1.620689655,-3.24137931,0.931034483,4,2,0,33,-8,-23,1,-1
258,3,2,11,7,2,11,7,-2,1,-1,-2,-1,1,-2,-4,8,-6,-4,8,6,1,1,0,0.333333333,70.5288,11,7,2,11,7,2,0,0,0.333333333,-1.333333333,0.333333333,0.666666667,-0.666666667,0.666666667,-1.666666667,1.666666667,-0.666666667,-1,-1,0,-1,4,-1,0,-1
259,29,53,8,6,4,8,6,4,1,-2,1,-1,2,-1,7,-2,-11,-7,2,11,2,1,0,-0.379310345,112.291,8,6,4,8,6,4,0,0,-0.724137931,1.206896552,0.137931034,4.931034483,-6.551724138,-0.034482759,-6,8,0,8,6,4,-19,-36,5,-16,-29
260,87,52,8,6,4,8,6,-4,1,-2,1,1,-2,-1,7,-2,-11,-7,2,-11,2,1,1,0.862068966,30.4503,8,6,4,8,6,4,1,0,-0.620689655,0.034482759,3.689655172,-3.459770115,0.988505747,23.43678161,4.988505747,-1.425287356,-33.83908046,-4,-14,0,-13,12,37,-5,-7
261,3,2,8,6,4,8,6,-4,1,-2,1,-1,2,1,7,-2,-11,7,-2,11,1,1,0,0.333333333,70.5288,8,6,4,8,6,4,0,0,1,-1,0,0.333333333,-0.666666667,0.333333333,1.666666667,-3.333333333,-0.333333333,4,2,0,1,0,-1,-4,-1
262,87,52,2,1,1,2,1,1,6,-8,-4,6,-4,-8,2,7,-11,-2,11,-7,2,1,1,0.862068966,30.4503,2,1,1,2,1,1,0,0,-0.701149425,1.045977011,-0.643678161,-0.252873563,1.114942529,-0.609195402,0.896551724,-3.862068966,2.068965517,-2,-1,-1,-8,-115,-43,-5,-83
263,29,53,2,1,1,2,1,1,6,-8,-4,-6,4,8,2,7,-11,2,-11,7,2,1,0,-0.379310345,112.291,2,1,1,2,1,1,0,0,-0.034482759,1.379310345,-0.310344828,0.137931034,-0.517241379,0.24137931,-0.896551724,3.862068966,-2.068965517,2,1,1,36,-19,5,31,-15
264,89,54,13,3,0,13,3,0,0,0,2,0,0,-2,3,-13,0,-3,13,0,1,0,0,0.898876404,25.9892,13,3,0,13,3,0,1,0,-0.853932584,4.033707865,3,8.123595506,-35.20224719,-26,-15,65,48,13,3,0,80,39,-89,31,14
265,89,54,2,0,0,2,0,0,0,13,3,0,13,-3,0,-3,13,0,3,13,1,0,0,0.898876404,25.9892,2,0,0,2,0,0,0,0,1,0.898876404,0.438202247,0,0.831460674,-0.269662921,0,-1.337078652,0.460674157,2,0,0,89,-39,80,56,-25
266,15,4,10,8,4,4,2,0,0,2,-4,2,-4,0,-4,4,2,0,0,-6,2,1,0,0.666666667,48.1897,10,8,4,4,2,0,1,0,0.666666667,-1.666666667,1.666666667,-0.333333333,1.133333333,-0.933333333,3,-10.6,9.2,8,4,2,20,1,-7,11,0
267,3,2,10,8,4,4,2,0,0,2,-4,-2,4,0,-4,4,2,0,0,6,1,1,0,0.333333333,70.5288,10,8,4,4,2,0,0,0,0.333333333,-1.333333333,0.333333333,0.666666667,-0.666666667,0.666666667,-1.666666667,1.666666667,-0.666666667,-1,-1,0,-1,4,-1,0,-1
268,45,23,10,8,4,10,8,4,0,2,-4,0,-2,4,-4,4,2,4,-4,-2,2,1,0,0.111111111,83.6206,10,8,4,10,8,4,1,0,-0.777777778,1.177777778,0.088888889,2.444444444,-3.044444444,-0.022222222,-8,10,0,10,8,4,-25,-56,17,-11,-23
269,9,6,10,8,4,10,8,-4,0,2,-4,0,2,4,-4,4,2,4,-4,2,1,1,0,0.777777778,38.9424,10,8,4,10,8,4,0,0,-0.444444444,-0.555555556,1.222222222,0,0,2,-0.111111111,0.111111111,-2.444444444,-1,-1,0,4,5,-11,3,2
270,5,1,10,8,4,10,8,-4,0,2,-4,0,-2,-4,-4,4,2,-4,4,-2,1,0,0,0.8,36.8699,10,8,4,10,8,4,0,0,1,0.6,0.8,0,0.8,0.4,0,-1.4,-0.2,2,0,0,5,-4,3,4,-3
271,9,6,10,8,4,4,2,0,4,-4,-2,2,-4,4,0,6,-12,4,-8,-10,1,1,0,0.777777778,38.9424,10,8,4,4,2,0,0,0,0.333333333,-0.333333333,1.333333333,0,1,-1,-0.111111111,-1.555555556,1.888888889,6,2,2,4,-1,1,-1,-3
272,45,22,10,8,4,4,2,0,4,-4,-2,2,-4,-4,0,6,-12,-4,8,-10,2,2,1,-0.6,126.87,10,8,4,4,2,0,1,0,0.555555556,-1.088888889,-0.711111111,0.555555556,-0.288888889,-0.311111111,-1.888888889,1.022222222,1.177777778,-2,-6,2,20,13,59,1,0
273,9,6,10,8,4,4,2,0,4,-4,-2,-2,4,4,0,6,-12,4,-8,10,1,1,0,0.777777778,38.9424,10,8,4,4,2,0,0,0,-0.333333333,1.333333333,-0.333333333,0.777777778,-1.444444444,0.444444444,-2.555555556,4.888888889,-1.888888889,10,6,2,8,7,-7,5,5
274,45,21,10,8,4,4,2,0,4,-4,-2,-2,4,-4,0,6,-12,-4,8,10,2,2,1,0.6,53.1301,10,8,4,4,2,0,1,0,0.333333333,-0.533333333,-1.266666667,0.333333333,-0.333333333,-0.666666667,-0.777777778,0.711111111,2.022222222,-18,-14,-2,0,-7,-1,-11,-12
275,45,23,4,2,0,4,2,0,2,-4,4,2,-4,-4,4,-8,-10,-4,8,-10,2,1,0,0.111111111,83.6206,4,2,0,4,2,0,0,0,0.088888889,-1.177777778,0.777777778,0.911111111,-1.822222222,1.222222222,-1.444444444,2.888888889,-1.888888889,-4,-2,0,-17,-56,-25,-11,-33
276,9,6,4,2,0,4,2,0,2,-4,4,-2,4,4,4,-8,-10,4,-8,10,1,1,0,0.777777778,38.9424,4,2,0,4,2,0,0,0,0.888888889,-0.777777778,0.777777778,-1.222222222,2.444444444,-1.444444444,1.444444444,-2.888888889,1.888888889,4,2,0,11,-4,-5,0,-1
277,91,55,13,3,2,13,3,2,1,-3,-2,-1,3,2,0,4,-6,0,-4,6,3,2,0,0.857142857,31.0027,13,3,2,13,3,2,0,1,-0.857142857,2.032967033,3.021978022,-1.142857143,2.505494505,3.67032967,5,-11,-16,13,3,2,-39,-121,-20,-25,-94
278,13,3,13,3,2,13,3,-2,1,-3,-2,1,-3,2,0,4,-6,0,-4,-6,1,0,0,0.923076923,22.6199,13,3,2,13,3,2,0,0,1,0.384615385,0.923076923,0,0.461538462,0.307692308,0,-1.307692308,-0.538461538,2,0,0,13,-12,5,6,-5
279,7,8,13,3,2,13,3,-2,1,-3,-2,-1,3,-2,0,4,-6,0,4,6,1,1,1,0.785714286,38.2132,13,3,2,13,3,2,0,0,-0.142857143,-0.571428571,1.285714286,0.428571429,-1.285714286,3.142857143,-0.714285714,2.142857143,-4.571428571,-3,-1,0,-4,-9,1,-3,-4
280,91,55,6,4,0,6,4,0,2,-3,1,2,-3,-1,2,-3,-13,-2,3,-13,3,2,0,0.857142857,31.0027,6,4,0,6,4,0,0,0,-0.89010989,0.835164835,-0.714285714,0.285714286,-0.428571429,0.142857143,0.263736264,-0.395604396,0.285714286,-6,-4,0,-61,-45,-104,-58,-43
281,7,8,6,4,0,6,4,0,2,-3,1,-2,3,1,2,-3,-13,2,-3,13,1,1,1,0.785714286,38.2132,6,4,0,6,4,0,0,0,-0.428571429,1.142857143,-0.714285714,0.285714286,-0.428571429,0.142857143,-3.428571429,5.142857143,-3.714285714,6,4,0,5,3,-8,3,2
282,91,55,3,2,1,3,2,-1,4,-6,0,4,-6,0,3,2,-13,-3,-2,-13,3,2,0,0.857142857,31.0027,3,2,1,3,2,1,1,0,-0.835164835,-0.89010989,-0.714285714,0.824175824,0.549450549,-1.571428571,-0.857142857,-0.571428571,1.714285714,4,-6,0,43,-32,117,34,-25
283,13,3,3,2,1,3,2,-1,4,-6,0,-4,6,0,3,2,-13,3,2,13,1,0,0,0.923076923,22.6199,3,2,1,3,2,1,0,0,-0.538461538,1.307692308,0,2,-3,-1,-0.307692308,0.461538462,0,6,4,0,5,12,-13,1,5
284,93,56,11,7,4,11,7,4,2,-2,-2,-2,2,2,-1,5,-6,1,-5,6,1,1,1,0.741935484,42.1034,11,7,4,11,7,4,1,0,-2.88172043,4.075268817,1.043010753,43.43010753,-59.8172043,-14.75268817,-53,73,18,11,7,4,121,-16,-49,36,-7
285,31,57,11,7,4,11,7,-4,2,-2,-2,2,-2,2,-1,5,-6,1,-5,-6,1,1,1,0.951612903,17.8966,11,7,4,11,7,4,1,0,0.35483871,-0.774193548,1.129032258,0.612903226,-3.064516129,5.677419355,0.032258065,-0.161290323,0.193548387,5,1,0,36,-25,-1,24,-15
286,3,2,11,7,4,11,7,-4,2,-2,-2,-2,2,-2,-1,5,-6,-1,5,6,1,1,0,0.333333333,70.5288,11,7,4,11,7,4,0,0,0,-1,1,-0.333333333,0.333333333,1.333333333,-0.333333333,0.333333333,-0.666666667,-1,-1,0,0,1,-1,1,-4
287,31,57,6,5,1,6,5,1,2,-2,-2,-2,2,2,-4,7,-11,4,-7,11,1,1,1,0.951612903,17.8966,6,5,1,6,5,1,1,0,-0.806451613,1.161290323,0.032258065,1.806451613,-2.161290323,-0.032258065,-10,12,0,6,5,1,36,-1,-25,7,-1
288,93,56,6,5,1,6,5,-1,2,-2,-2,2,-2,2,-4,7,-11,4,-7,-11,1,1,1,0.741935484,42.1034,6,5,1,6,5,1,1,0,0.247311828,-0.182795699,2.430107527,-1.161290323,2.032258065,-19.19354839,1.591397849,-2.784946237,26.37634409,14,8,0,121,-49,-16,47,-24
289,3,2,6,5,1,6,5,-1,2,-2,-2,-2,2,-2,-4,7,-11,-4,7,11,1,1,0,0.333333333,70.5288,6,5,1,6,5,1,0,0,0,-1,1,-0.333333333,0.333333333,1.333333333,-0.333333333,0.333333333,-0.666666667,-1,-1,0,0,1,-1,1,-4
290,93,56,2,2,2,2,2,2,6,-5,-1,6,-1,-5,4,7,-11,-4,11,-7,1,1,1,0.741935484,42.1034,2,2,2,2,2,2,0,0,-1.301075269,-0.52688172,-0.172043011,0.817204301,-0.569892473,-0.247311828,-1.129032258,0.774193548,0.35483871,-2,-2,-2,49,16,121,36,13
291,31,57,2,2,2,2,2,2,6,-5,-1,-6,1,5,4,7,-11,4,-11,7,1,1,1,0.951612903,17.8966,2,2,2,2,2,2,0,0,0.032258065,0.806451613,1.161290323,-0.935483871,0.612903226,0.322580645,1.129032258,-0.774193548,-0.35483871,2,2,2,-25,-36,-1,-19,-29
292,95,58,10,9,3,10,9,3,0,1,-3,0,-1,3,-6,6,2,6,-6,-2,3,1,0,0.052631579,86.983,10,9,3,10,9,3,1,0,-0.894736842,1.094736842,0.031578947,12.63157895,-14.03157895,-0.010526316,-18,20,0,10,9,3,-35,-117,56,-22,-71
293,19,16,10,9,3,10,9,-3,0,1,-3,0,1,3,-6,6,2,6,-6,2,1,1,0,0.894736842,26.5254,10,9,3,10,9,3,0,0,-0.631578947,-0.368421053,1.210526316,-0.157894737,0.157894737,1.052631579,0.263157895,-0.263157895,-2.421052632,-1,-1,0,12,7,-23,11,5
294,5,1,10,9,3,10,9,-3,0,1,-3,0,-1,-3,-6,6,2,-6,6,-2,1,0,0,0.8,36.8699,10,9,3,10,9,3,0,0,1,0.8,0.6,0,0.6,0.2,0,-1.4,0.2,2,0,0,5,-3,4,3,-2
295,95,58,6,6,2,6,6,2,1,0,-3,0,1,-3,-9,10,-3,-10,9,3,3,1,0,0.052631579,86.983,6,6,2,6,6,2,1,0,-1.231578947,0.368421053,0.589473684,0.336842105,-0.263157895,-0.221052632,-2.6,2,1.8,-6,-6,-2,63,25,116,44,17
296,5,1,6,6,2,6,6,2,1,0,-3,0,-1,3,-9,10,-3,10,-9,-3,1,0,0,0.8,36.8699,6,6,2,6,6,2,0,0,-0.6,1,0.8,-1.4,1,1.2,2.6,-2,-1.8,6,6,2,-3,-5,4,-2,-3
297,95,58,3,1,0,3,1,0,2,-6,6,2,-6,-6,3,-9,-10,-3,9,-10,3,1,0,0.052631579,86.983,3,1,0,3,1,0,0,0,0.031578947,-1.094736842,0.894736842,1.073684211,-3.221052632,2.421052632,-1.315789474,3.947368421,-2.947368421,-3,-1,0,-56,-117,-35,-23,-46
298,19,16,3,1,0,3,1,0,2,-6,6,-2,6,6,3,-9,-10,3,-9,10,1,1,0,0.894736842,26.5254,3,1,0,3,1,0,0,0,0.631578947,-0.894736842,0.894736842,-1.210526316,3.631578947,-2.631578947,1.315789474,-3.947368421,2.947368421,3,1,0,23,-12,-7,0,-1
299,97,59,13,5,0,13,5,0,0,0,2,0,0,-2,5,-13,0,-5,13,0,1,0,0,0.742268041,42.075,13,5,0,13,5,0,1,0,-1.865979381,5.051546392,3,9.072164948,-23.58762887,-14,-35,91,54,13,5,0,72,65,-97,17,14
300,97,59,2,0,0,2,0,0,0,13,5,0,13,-5,0,-5,13,0,5,13,1,0,0,0.742268041,42.075,2,0,0,2,0,0,0,0,1,0.742268041,0.670103093,0,1.092783505,-0.041237113,0,-1.412371134,0.072164948,2,0,0,97,-65,72,76,-51
301,7,8,12,6,4,2,0,0,1,4,-9,0,7,7,-5,8,3,0,-7,7,1,1,1,0.785714286,38.2132,12,6,4,2,0,0,0,0,-0.142857143,-0.571428571,1.285714286,0.428571429,-1.285714286,3.142857143,-0.714285714,2.142857143,-4.571428571,-3,-1,0,-4,-9,1,-3,-4
302,49,60,12,6,4,12,6,4,1,4,-9,-1,-4,9,-5,8,3,5,-8,-3,2,1,0,-0.836734694,146.797,12,6,4,12,6,4,0,0,-1.755102041,3.12244898,1.081632653,14.67346939,-24.16326531,-7.775510204,-17,28,9,12,6,4,47,48,-17,41,43
303,49,61,12,6,4,12,6,-4,1,4,-9,1,4,9,-5,8,3,5,-8,3,1,1,1,0.724489796,43.5736,12,6,4,12,6,4,0,0,1.163265306,-2.06122449,-2.897959184,1.224489796,-1.959183673,-2.734693878,-2.346938776,3.755102041,5.408163265,-16,-10,0,-9,-64,25,-3,-53
304,49,62,12,6,4,12,6,-4,1,4,-9,-1,-4,-9,-5,8,3,-5,8,-3,2,1,1,0.020408163,88.8306,12,6,4,12,6,4,0,0,0.265306122,0.06122449,-1.387755102,0.06122449,0.244897959,3.448979592,-0.102040816,-0.408163265,-5.081632653,8,-2,0,39,-40,41,7,-5
305,49,62,12,6,4,12,6,4,1,4,-9,5,-8,-3,-5,8,3,1,4,-9,2,1,1,0.020408163,88.8306,12,6,4,12,6,4,0,0,0.551020408,1.489795918,-3.387755102,-0.612244898,-1.87755102,4.653061224,4.142857143,12.57142857,-31.28571429,12,6,4,69,-4,-5,2,-1
306,49,60,12,6,4,12,6,-4,1,4,-9,5,-8,3,-5,8,3,-1,-4,-9,2,1,0,-0.836734694,146.797,12,6,4,12,6,4,0,0,0.734693878,-1.204081633,0.102040816,-0.306122449,0.918367347,0.040816327,1.612244898,-4.836734694,-0.081632653,3,1,0,53,-12,-43,3,-1
307,49,60,12,6,4,12,6,-4,1,4,-9,-5,8,-3,-5,8,3,1,4,9,2,1,0,-0.836734694,146.797,12,6,4,12,6,4,0,0,0.387755102,-0.591836735,1.224489796,1.163265306,-0.775510204,2.673469388,-2.816326531,1.87755102,-6.367346939,-4,-6,0,-5,36,59,-2,7
308,7,8,8,5,3,1,1,0,4,-1,-9,7,-7,0,-6,12,-4,0,0,-14,1,1,1,0.785714286,38.2132,8,5,3,1,1,0,0,0,0.714285714,-0.428571429,1.142857143,0.142857143,-0.285714286,2.428571429,0.142857143,-0.285714286,0.428571429,4,2,0,9,-4,-1,4,-3
309,49,61,8,5,3,8,5,3,4,-1,-9,-4,1,9,-6,12,-4,6,-12,4,1,1,1,0.724489796,43.5736,8,5,3,8,5,3,0,0,-2.836734694,4.102040816,1.06122449,22.65306122,-31.59183673,-7.755102041,-38,53,13,8,5,3,64,-9,-25,27,-6
310,49,60,8,5,3,8,5,-3,4,-1,-9,4,-1,9,-6,12,-4,6,-12,-4,2,1,0,-0.836734694,146.797,8,5,3,8,5,3,0,0,0.979591837,-0.959183673,-0.346938776,0.12244898,-0.244897959,0.081632653,0.224489796,-0.448979592,-0.183673469,4,2,0,43,12,-53,39,11
311,49,62,8,5,3,8,5,-3,4,-1,-9,-4,1,-9,-6,12,-4,-6,12,4,2,1,1,0.020408163,88.8306,8,5,3,8,5,3,0,0,0.06122449,-0.265306122,-1.387755102,0.571428571,-0.142857143,-3.285714286,-1.06122449,0.265306122,6.387755102,-2,-8,0,-3,13,68,-3,6
312,7,8,9,4,1,1,1,0,3,-8,5,7,-7,0,4,-6,-12,0,0,-14,1,1,1,0.785714286,38.2132,9,4,1,1,1,0,0,0,-1.285714286,-0.571428571,-0.142857143,0.714285714,-0.571428571,-0.142857143,-1.142857143,0.714285714,0.428571429,-2,-2,-2,4,1,9,3,2
313,49,62,9,4,1,8,5,3,3,-8,5,4,-1,-9,4,-6,-12,-6,12,-4,2,1,1,0.020408163,88.8306,9,4,1,8,5,3,0,0,-0.530612245,-0.632653061,2.306122449,-2.428571429,-3.857142857,14.28571429,3.897959184,6.224489796,-22.97959184,-7,-3,-2,-32,-57,-23,-21,-35
314,49,60,9,4,1,8,5,3,3,-8,5,-4,1,9,4,-6,-12,6,-12,4,2,1,0,-0.836734694,146.797,9,4,1,8,5,3,0,0,0.489795918,-0.020408163,-1.326530612,-1.571428571,0.857142857,6.714285714,1.959183673,-1.081632653,-8.306122449,14,10,2,67,-13,-12,25,-6
315,49,62,9,4,1,8,5,-3,3,-8,5,4,-1,9,4,-6,-12,6,-12,-4,2,1,1,0.020408163,88.8306,9,4,1,8,5,3,0,0,-0.102040816,0.081632653,-1.408163265,0.204081633,-0.163265306,0.816326531,-0.224489796,-0.020408163,-0.897959184,8,0,-2,-34,37,109,-31,32
316,49,60,9,4,1,8,5,-3,3,-8,5,-4,1,-9,4,-6,-12,-6,12,4,2,1,0,-0.836734694,146.797,9,4,1,8,5,3,0,0,-0.510204082,0.836734694,2.244897959,-0.163265306,0.387755102,0.918367347,3.367346939,-8.12244898,-19.81632653,-22,-14,2,-25,41,110,-15,22
317,49,62,9,4,1,9,4,1,3,-8,5,-3,8,-5,4,-6,-12,-4,6,12,2,1,1,0.020408163,88.8306,9,4,1,9,4,1,0,0,-1.816326531,3.081632653,5.020408163,-2.93877551,4.693877551,7.673469388,5,-8,-13,9,4,1,4,-69,-5,0,-24
318,49,60,9,4,1,9,4,-1,3,-8,5,3,-8,-5,4,-6,-12,-4,6,-12,2,1,0,-0.836734694,146.797,9,4,1,9,4,1,0,0,-0.591836735,0.387755102,-1.224489796,-0.775510204,1.163265306,-2.673469388,1.87755102,-2.816326531,6.367346939,-6,-4,0,-17,-48,-47,-16,-43
319,49,61,9,4,1,9,4,-1,3,-8,5,-3,8,5,4,-6,-12,4,-6,12,1,1,1,0.724489796,43.5736,9,4,1,9,4,1,0,0,1.265306122,-3.040816327,1.775510204,0.06122449,-0.163265306,0.102040816,12.6122449,-33.63265306,19.02040816,16,6,0,55,-16,-39,31,-7
320,3,2,13,5,2,3,3,2,1,-1,-4,3,-3,0,-2,6,-2,2,2,-6,1,1,0,0.333333333,70.5288,13,5,2,3,3,2,0,0,1,0,1,-0.333333333,0.333333333,1.333333333,0.333333333,-0.333333333,0.666666667,1,1,0,1,0,1,4,-1
321,33,12,13,5,2,3,3,2,1,-1,-4,-3,3,0,-2,6,-2,-2,-2,6,2,1,1,-0.454545455,117.036,13,5,2,3,3,2,0,0,0.333333333,-0.333333333,-1.333333333,2.242424242,-1.060606061,-3.424242424,-2.363636364,1.090909091,3.636363636,-2,-1,-1,-32,-25,23,-11,-8
322,99,63,13,5,2,13,5,2,1,-1,-4,-1,1,4,-2,6,-2,2,-6,2,3,1,1,-0.388888889,112.885,13,5,2,13,5,2,0,1,-0.868686869,2.050505051,1.02020202,14.83838384,-32.29292929,-15.71717172,-17,37,18,13,5,2,101,214,-53,17,39
323,11,9,13,5,2,13,5,-2,1,-1,-4,1,-1,4,-2,6,-2,2,-6,-2,1,1,0,0.636363636,50.4788,13,5,2,13,5,2,0,0,0.727272727,-1.181818182,-0.272727273,-0.454545455,1.363636364,0.545454545,1.545454545,-4.636363636,-1.454545455,3,1,0,1,0,-1,-15,1
324,9,6,13,5,2,13,5,-2,1,-1,-4,-1,1,-4,-2,6,-2,-2,6,2,1,1,0,0.777777778,38.9424,13,5,2,13,5,2,0,0,0.333333333,-1.333333333,-0.333333333,0.444444444,-0.444444444,0.222222222,-0.555555556,0.555555556,0.222222222,-1,-1,0,-1,4,1,-2,1
325,99,63,6,2,2,6,2,2,1,-4,1,1,1,-4,5,-2,-13,-5,13,2,3,1,1,-0.388888889,112.885,6,2,2,6,2,2,0,0,-0.757575758,-0.696969697,0.96969697,-0.02020202,-0.191919192,0.252525253,0.111111111,1.555555556,-1.888888889,-6,-2,-2,-28,-35,-13,-11,-8
326,9,6,6,2,2,6,2,2,1,-4,1,-1,-1,4,5,-2,-13,5,-13,-2,1,1,0,0.777777778,38.9424,6,2,2,6,2,2,0,0,0.333333333,-0.333333333,1.333333333,0,1,-1,-0.111111111,-1.555555556,1.888888889,6,2,2,4,-1,1,-1,-3
327,99,63,4,1,1,4,1,1,2,-6,-2,2,-2,-6,2,5,-13,-2,13,-5,3,1,1,-0.388888889,112.885,4,1,1,4,1,1,1,0,-0.535353535,2.161616162,-1.02020202,-0.383838384,3.04040404,-1.505050505,0.484848485,-3.787878788,1.848484848,-4,-1,-1,-85,-64,-91,-39,-29
328,11,9,4,1,1,4,1,1,2,-6,-2,-2,2,6,2,5,-13,2,-13,5,1,1,0,0.636363636,50.4788,4,1,1,4,1,1,0,0,-0.090909091,2.272727273,-0.909090909,1.272727273,-9.818181818,4.727272727,-1.454545455,11.36363636,-5.545454545,4,1,1,15,-1,-4,-1,0
329,33,12,4,1,1,1,1,0,2,-6,-2,2,-2,6,2,5,-13,9,-9,-6,2,1,1,-0.454545455,117.036,4,1,1,1,1,0,0,0,0.696969697,-0.757575758,0.96969697,-0.484848485,0.787878788,-0.848484848,3.545454545,-5.636363636,6.454545455,5,2,-1,23,-25,32,14,-17
330,101,64,11,9,0,11,9,0,0,0,2,0,0,-2,9,-11,0,-9,11,0,1,0,0,0.98019802,11.4212,11,9,0,11,9,0,1,0,4.108910891,-4.910891089,-1,-72.89108911,89.08910891,18,81,-99,-20,11,9,0,20,99,-101,1,10
331,101,64,2,0,0,2,0,0,0,11,9,0,11,-9,0,-9,11,0,9,11,1,0,0,0.98019802,11.4212,2,0,0,2,0,0,0,0,1,0.198019802,0.98019802,0,0.108910891,0.089108911,0,-1.178217822,-0.782178218,2,0,0,101,-99,20,11,-10
332,51,65,10,10,2,10,10,2,1,-1,0,-1,1,0,1,1,-10,-1,-1,10,1,1,0,0.960784314,16.0989,10,10,2,10,10,2,1,0,1.392156863,-0.607843137,-1.921568627,-1.803921569,1.196078431,3.039215686,3,-2,-5,10,10,2,-3,-20,13,-5,-17
333,3,2,14,2,2,10,10,2,0,1,-1,1,-1,0,-2,7,7,1,1,-10,1,1,0,0.333333333,70.5288,14,2,2,10,10,2,1,0,1,-1,0,0.333333333,-0.666666667,0.333333333,1.666666667,-3.333333333,-0.333333333,4,2,0,1,0,-1,-4,-1
334,17,13,14,2,2,10,10,2,0,1,-1,-1,1,0,-2,7,7,-1,-1,10,1,1,0,0.058823529,86.6277,14,2,2,10,10,2,1,0,0,1,-1,0.294117647,0.470588235,-0.529411765,-1.411764706,-3.058823529,2.941176471,-4,-2,-4,11,4,21,11,5
335,51,66,14,2,2,14,2,2,0,1,-1,0,-1,1,-2,7,7,2,-7,-7,1,1,0,0.921568627,22.8435,14,2,2,14,2,2,1,0,0.549019608,-0.921568627,-0.921568627,-0.960784314,2.862745098,3.862745098,1,-3,-4,14,2,2,127,142,-11,76,87
336,51,66,7,7,2,7,7,2,1,-1,0,-1,1,0,2,2,-14,-2,-2,14,1,1,0,0.921568627,22.8435,7,7,2,7,7,2,1,0,-1.862745098,1.137254902,3.039215686,-3.862745098,2.137254902,6.039215686,9,-5,-14,7,7,2,-4,-21,11,-3,-4
337,3,2,10,1,1,7,7,2,0,1,-1,1,-1,0,-2,10,10,2,2,-14,1,1,0,0.333333333,70.5288,10,1,1,7,7,2,1,0,1,-1,0,0.333333333,-0.666666667,0.333333333,1.666666667,-3.333333333,-0.333333333,4,2,0,1,0,-1,-4,-1
338,17,13,10,1,1,7,7,2,0,1,-1,-1,1,0,-2,10,10,-2,-2,14,1,1,0,0.058823529,86.6277,10,1,1,7,7,2,1,0,0,1,-1,1.117647059,1.411764706,-1.588235294,-1.411764706,-1.941176471,2.058823529,-6,-2,-6,13,3,20,13,4
339,51,65,10,1,1,10,1,1,0,1,-1,0,-1,1,-2,10,10,2,-10,-10,1,1,0,0.960784314,16.0989,10,1,1,10,1,1,1,0,-0.803921569,5.019607843,4.019607843,1.68627451,-9.431372549,-7.431372549,-3.333333333,18.66666667,14.66666667,10,1,1,-13,-20,-3,-5,0
340,85,67,14,2,2,14,2,2,1,-5,-2,1,-2,-5,1,5,-12,-1,12,-5,2,2,1,-0.905882353,154.942,14,2,2,14,2,2,0,0,-0.082352941,-1.411764706,-0.011764706,0.176470588,-1.117647059,-0.117647059,-0.8,5,0.6,-14,-2,-2,-223,75,-214,-9,2
341,15,4,14,2,2,14,2,2,1,-5,-2,-1,2,5,1,5,-12,1,-12,5,2,1,0,0.666666667,48.1897,14,2,2,14,2,2,0,0,0.466666667,-1.333333333,0.066666667,-0.066666667,0.333333333,0.133333333,0.8,-5,-0.6,14,2,2,43,25,-26,19,12
342,255,68,14,2,2,10,10,2,1,-5,-2,1,-2,5,1,5,-12,9,-8,-5,5,2,1,0.764705882,40.1192,14,2,2,10,10,2,1,0,1.494117647,-1.529411765,3.070588235,-4.219607843,4.568627451,-9.031372549,30.03137255,-32.50980392,64.29019608,14,7,-3,-11,13,-38,-26,1
343,5,1,14,2,2,10,10,2,1,-5,-2,-1,2,-5,1,5,-12,-9,8,5,1,0,0,0.8,36.8699,14,2,2,10,10,2,0,0,0.2,0,-1.4,-1.2,-1,3.4,-0.4,0,0.8,-2,-1,-1,-4,-5,3,-1,-1
344,15,4,10,10,2,10,10,2,2,-1,-5,1,-2,5,-8,9,-5,9,-8,-5,2,1,0,0.666666667,48.1897,10,10,2,10,10,2,0,0,1.933333333,-1.466666667,-0.333333333,-1.133333333,1.066666667,0.333333333,4.4,-4.2,-1,10,10,2,-4,-3,5,-5,-5
345,85,69,10,10,2,10,10,2,2,-1,-5,-1,2,-5,-8,9,-5,-9,8,5,2,2,1,0.152941176,81.2026,10,10,2,10,10,2,0,0,1.541176471,-1.858823529,-0.411764706,3.682352941,-3.517647059,-0.823529412,-4.4,4.2,1,-10,-10,-2,32,49,105,23,36
346,85,67,12,5,1,12,5,1,2,-5,1,-2,5,-1,2,-2,-14,-2,2,14,2,2,1,-0.905882353,154.942,12,5,1,12,5,1,0,0,-0.858823529,2.058823529,1.011764706,1.858823529,-4.058823529,-2.011764706,-3.2,7,3.4,12,5,1,1,-120,-7,-1,-48
347,51,66,12,5,1,12,5,-1,2,-5,1,2,-5,-1,2,-2,-14,-2,2,-14,1,1,0,0.921568627,22.8435,12,5,1,12,5,1,0,0,0.235294118,-1.235294118,-0.647058824,0.31372549,-0.31372549,-0.196078431,-0.490196078,0.490196078,0.431372549,-1,-1,0,-4,21,11,-3,4
348,15,4,12,5,1,12,5,-1,2,-5,1,-2,5,1,2,-2,-14,2,-2,14,2,1,0,0.666666667,48.1897,12,5,1,12,5,1,0,0,-0.733333333,2.333333333,0.133333333,3.2,-8,-0.4,-6.533333333,16.33333333,0.733333333,10,4,0,13,5,-16,15,6
349,255,68,12,5,1,9,8,5,2,-5,1,1,2,-5,2,-2,-14,-10,10,2,5,2,1,0.764705882,40.1192,12,5,1,9,8,5,1,0,-11.15686275,0.156862745,28.09803922,19.2745098,-0.274509804,-48.92156863,-23.53333333,0.333333333,59.73333333,-46,-22,-18,-164,-295,-127,-7,-32
350,3,2,12,5,1,9,8,5,2,-5,1,-1,-2,5,2,-2,-14,10,-10,-2,1,1,0,0.333333333,70.5288,12,5,1,9,8,5,0,0,1,0,1,-0.333333333,0.333333333,1.333333333,0.333333333,-0.333333333,0.666666667,1,1,0,1,0,1,4,-1
351,5,1,12,5,1,9,8,-5,2,-5,1,1,2,5,2,-2,-14,10,-10,2,1,0,0,0.8,36.8699,12,5,1,9,8,5,0,0,0.8,-1,-0.6,0,1,1,0.2,-2,-1.4,6,2,-2,3,-5,4,1,-4
352,17,13,12,5,1,9,8,-5,2,-5,1,-1,-2,-5,2,-2,-14,-10,10,-2,1,1,0,0.058823529,86.6277,12,5,1,9,8,5,0,0,0.176470588,-1.176470588,0.764705882,0.235294118,-0.235294118,0.352941176,-1.352941176,1.352941176,-1.529411765,-1,-1,0,-3,20,-13,-1,7
353,85,69,9,8,5,9,8,5,1,2,-5,-1,-2,5,-10,10,2,10,-10,-2,2,2,1,0.152941176,81.2026,9,8,5,9,8,5,0,0,-0.894117647,1.094117647,0.058823529,1.894117647,-2.094117647,-0.058823529,-3.2,3.6,0,9,8,5,158,131,-35,94,78
354,51,65,9,8,5,9,8,-5,1,2,-5,1,2,5,-10,10,2,10,-10,2,1,1,0,0.960784314,16.0989,9,8,5,9,8,5,0,0,-0.784313725,-0.215686275,1.156862745,-0.431372549,0.431372549,1.68627451,0.568627451,-0.568627451,-2.31372549,-1,-1,0,40,11,-59,19,4
355,15,4,9,8,5,9,8,-5,1,2,-5,-1,-2,-5,-10,10,2,-10,10,-2,2,1,0,0.666666667,48.1897,9,8,5,9,8,5,0,0,0.8,0.6,1,0.133333333,0.266666667,1.333333333,-0.333333333,-0.666666667,-2.333333333,4,-2,0,3,-4,5,5,-5
356,51,65,1,1,0,1,1,0,1,-1,10,1,-1,-10,10,-10,-2,-10,10,-2,1,1,0,0.960784314,16.0989,1,1,0,1,1,0,0,0,-0.784313725,-0.215686275,1.156862745,-0.431372549,0.431372549,1.68627451,0.568627451,-0.568627451,-2.31372549,-1,-1,0,40,11,-59,19,4
357,51,66,1,1,0,1,1,0,7,-7,2,7,-7,-2,2,-2,-14,-2,2,-14,1,1,0,0.921568627,22.8435,1,1,0,1,1,0,0,0,0.235294118,-1.235294118,-0.647058824,0.31372549,-0.31372549,-0.196078431,-0.490196078,0.490196078,0.431372549,-1,-1,0,-4,21,11,-3,4
358,51,66,5,2,1,5,2,-1,5,-12,-1,5,-12,1,2,2,-14,-2,-2,-14,1,1,0,0.921568627,22.8435,5,2,1,5,2,1,0,0,0.31372549,-0.68627451,-1.196078431,0.784313725,0.784313725,0.509803922,-0.921568627,-0.921568627,-0.549019608,1,-1,0,35,-16,61,8,-5
359,85,67,5,2,1,5,2,-1,5,-12,-1,-5,12,-1,2,2,-14,2,2,14,2,2,1,-0.905882353,154.942,5,2,1,5,2,1,0,0,-1.941176471,4.458823529,3.788235294,-29.41176471,70.58823529,59.88235294,31.58823529,-75.81176471,-64.31764706,-24,-10,0,-55,-72,79,-53,-63
360,255,68,5,2,1,5,2,1,5,-12,-1,5,-8,-9,2,2,-14,-2,10,-10,5,2,1,0.764705882,40.1192,5,2,1,5,2,1,0,0,-1.156862745,2.043137255,0.698039216,2.901960784,-6.298039216,-1.91372549,-3.470588235,7.529411765,2.294117647,-5,-2,-1,-65,-48,-89,-18,-13
361,17,13,5,2,1,5,2,1,5,-12,-1,-5,8,9,2,2,-14,2,-10,10,1,1,0,0.058823529,86.6277,5,2,1,5,2,1,0,0,-0.823529412,2.176470588,0.764705882,-1.588235294,3.411764706,1.117647059,3.470588235,-7.529411765,-2.294117647,5,2,1,21,4,-11,5,1
362,51,65,5,2,1,5,2,-1,5,-8,-9,5,-8,9,-2,10,-10,2,-10,-10,1,1,0,0.960784314,16.0989,5,2,1,5,2,1,0,0,0.392156863,-0.960784314,0.960784314,-1.156862745,5.784313725,-4.784313725,1.196078431,-5.980392157,4.980392157,5,1,0,59,-40,-11,32,-20
363,85,69,5,2,1,5,2,-1,5,-8,-9,-5,8,-9,-2,10,-10,-2,10,10,2,2,1,0.152941176,81.2026,5,2,1,5,2,1,0,0,-0.529411765,0.647058824,-3.647058824,-0.588235294,0.941176471,-4.941176471,5.705882353,-9.129411765,47.72941176,-16,-10,0,-15,-112,-41,-9,-101
364,105,37,11,8,5,11,8,5,1,-2,1,-1,2,-1,6,-2,-10,-6,2,10,2,1,1,-0.828571429,145.952,11,8,5,11,8,5,1,0,4.104761905,-4.923809524,-0.952380952,-15.02857143,18.34285714,3.714285714,25.66666667,-31.33333333,-6.333333333,11,8,5,-71,-128,25,-49,-87
365,35,36,11,8,5,11,8,-5,1,-2,1,1,-2,-1,6,-2,-10,-6,2,-10,2,1,1,0.828571429,34.0477,11,8,5,11,8,5,1,0,0.371428571,-0.457142857,-1.285714286,0.171428571,-0.057142857,-0.285714286,-2.142857143,0.714285714,4.571428571,-1,-3,0,-13,16,45,-4,3
366,3,2,11,8,5,11,8,-5,1,-2,1,-1,2,1,6,-2,-10,6,-2,10,1,1,0,0.333333333,70.5288,11,8,5,11,8,5,0,0,1,-1,0,0.333333333,-0.666666667,0.333333333,1.666666667,-3.333333333,-0.333333333,4,2,0,1,0,-1,-4,-1
367,21,20,13,5,4,11,8,5,1,-1,-2,1,-2,1,-2,10,-6,6,-2,-10,2,1,0,0.523809524,58.4119,13,5,4,11,8,5,0,0,0.571428571,0.142857143,-1.285714286,-0.904761905,0.19047619,3.952380952,1.333333333,-0.333333333,-5.666666667,10,6,2,29,-5,-4,17,-4
368,5,1,13,5,4,11,8,5,1,-1,-2,-1,2,-1,-2,10,-6,-6,2,10,1,0,0,0.8,36.8699,13,5,4,11,8,5,0,0,0.2,0,-1.4,-1.2,-1,3.4,-0.4,0,0.8,-2,-1,-1,-4,-5,3,-1,-1
369,105,38,13,5,4,13,5,4,1,-1,-2,-1,1,2,-2,10,-6,2,-10,6,2,1,1,0.542857143,57.1217,13,5,4,13,5,4,1,0,1.123809524,-1.952380952,-0.961904762,-0.838095238,1.523809524,0.819047619,3.8,-7,-3.6,13,5,4,116,85,-37,102,73
370,35,36,13,5,4,13,5,-4,1,-1,-2,1,-1,2,-2,10,-6,2,-10,-6,2,1,1,0.828571429,34.0477,13,5,4,13,5,4,1,0,0.457142857,-1.285714286,0.371428571,-0.485714286,2.428571429,-0.457142857,1.514285714,-7.571428571,1.542857143,5,1,0,39,-20,-23,3,0
371,3,2,13,5,4,13,5,-4,1,-1,-2,-1,1,-2,-2,10,-6,-2,10,6,1,1,0,0.333333333,70.5288,13,5,4,13,5,4,0,0,0.333333333,-1.333333333,0.333333333,0.666666667,-0.666666667,0.666666667,-1.666666667,1.666666667,-0.666666667,-1,-1,0,-1,4,-1,0,-1
372,15,4,13,5,4,11,8,-5,1,-1,-2,1,-2,-1,-2,10,-6,-6,2,-10,2,1,0,0.666666667,48.1897,13,5,4,11,8,5,0,0,1.066666667,0.333333333,0.866666667,0.2,0,0.6,-0.866666667,-0.333333333,-2.266666667,6,-2,-2,-1,1,2,-16,-5
373,7,8,13,5,4,11,8,-5,1,-1,-2,-1,2,1,-2,10,-6,6,-2,10,1,1,1,0.785714286,38.2132,13,5,4,11,8,5,0,0,0.428571429,-1.142857143,-0.714285714,0.285714286,-0.428571429,-0.142857143,-3.428571429,5.142857143,3.714285714,-6,-4,0,-1,-9,4,-2,-7
374,105,38,2,1,1,2,1,1,6,-10,-2,6,-2,-10,4,5,-13,-4,13,-5,2,1,1,0.542857143,57.1217,2,1,1,2,1,1,0,0,-0.352380952,0.80952381,-1.104761905,0.038095238,0.047619048,-0.123809524,-0.057142857,-0.571428571,0.685714286,-2,-1,-1,-32,-145,-1,-3,-16
375,35,36,2,1,1,2,1,1,6,-10,-2,-6,2,10,4,5,-13,4,-13,5,2,1,1,0.828571429,34.0477,2,1,1,2,1,1,0,0,0.314285714,1.142857143,-0.771428571,0.057142857,-0.428571429,0.314285714,0.057142857,0.571428571,-0.685714286,2,1,1,36,-25,23,25,-16
376,105,37,2,1,1,2,1,1,2,-10,6,2,6,-10,8,-5,-11,-8,11,5,2,1,1,-0.828571429,145.952,2,1,1,2,1,1,0,0,0.447619048,-0.904761905,-0.99047619,-0.076190476,0.047619048,0.104761905,-0.514285714,0.571428571,0.457142857,-2,-1,-1,-128,-25,71,-87,-16
377,35,36,2,1,1,2,1,1,2,-10,6,-2,-6,10,8,-5,-11,8,-11,-5,2,1,1,0.828571429,34.0477,2,1,1,2,1,1,0,0,1.114285714,-0.571428571,-0.657142857,-0.742857143,0.714285714,0.771428571,0.514285714,-0.571428571,-0.457142857,2,1,1,4,15,47,5,14
378,53,25,14,4,0,14,4,0,0,0,2,0,0,-2,4,-14,0,-4,14,0,1,0,0,0.849056604,31.8908,14,4,0,14,4,0,1,0,-0.735849057,3.075471698,2,5.773584906,-20.20754717,-13,-8,28,18,14,4,0,45,28,-53,19,13
379,109,70,13,7,0,13,7,0,0,0,2,0,0,-2,7,-13,0,-7,13,0,1,0,0,0.834862385,33.3985,13,7,0,13,7,0,1,0,1.119266055,-1.935779817,-1,-6.293577982,11.68807339,6,21,-39,-20,13,7,0,60,91,-109,38,54
380,109,70,2,0,0,2,0,0,0,13,7,0,13,-7,0,-7,13,0,7,13,1,0,0,0.834862385,33.3985,2,0,0,2,0,0,0,0,1,0.550458716,0.834862385,0,0.963302752,0.211009174,0,-1.385321101,-0.28440367,2,0,0,109,-91,60,77,-64
381,111,71,11,10,1,11,10,1,2,-2,-2,-2,2,2,-3,4,-7,3,-4,7,1,1,1,0.986486486,9.43001,11,10,1,11,10,1,1,0,-0.900900901,1.09009009,0.009009009,1.900900901,-2.09009009,-0.009009009,-20,22,0,11,10,1,121,-1,-100,12,-1
382,37,72,11,10,1,11,10,-1,2,-2,-2,2,-2,2,-3,4,-7,3,-4,-7,1,1,1,0.635135135,50.57,11,10,1,11,10,1,1,0,0.432432432,-0.243243243,-1.324324324,-1.378378378,1.837837838,6.783783784,1.945945946,-2.594594595,-9.459459459,8,6,0,49,-16,-9,36,-13
383,3,2,11,10,1,11,10,-1,2,-2,-2,-2,2,-2,-3,4,-7,-3,4,7,1,1,0,0.333333333,70.5288,11,10,1,11,10,1,0,0,0,-1,1,-0.333333333,0.333333333,1.333333333,-0.333333333,0.333333333,-0.666666667,-1,-1,0,0,1,-1,1,-4
384,37,72,7,4,3,7,4,3,2,-2,-2,-2,2,2,-1,10,-11,1,-10,11,1,1,1,0.635135135,50.57,7,4,3,7,4,3,1,0,2.189189189,-2.891891892,-0.918918919,-9.756756757,13.56756757,4.675675676,23,-32,-11,7,4,3,49,-9,-16,47,-7
385,111,71,7,4,3,7,4,-3,2,-2,-2,2,-2,2,-1,10,-11,1,-10,-11,1,1,1,0.986486486,9.43001,7,4,3,7,4,3,1,0,0.189189189,-0.891891892,1.081081081,0.801801802,-8.018018018,10.81981982,0.009009009,-0.09009009,0.099099099,20,2,0,121,-100,-1,100,-91
386,3,2,7,4,3,7,4,-3,2,-2,-2,-2,2,-2,-1,10,-11,-1,10,11,1,1,0,0.333333333,70.5288,7,4,3,7,4,3,0,0,0,-1,1,-0.333333333,0.333333333,1.333333333,-0.333333333,0.333333333,-0.666666667,-1,-1,0,0,1,-1,1,-4
387,111,71,2,2,2,2,2,2,7,-4,-3,7,-3,-4,1,10,-11,-1,11,-10,1,1,1,0.986486486,9.43001,2,2,2,2,2,2,0,0,-1.09009009,-0.900900901,-0.009009009,0.981981982,-0.18018018,-0.801801802,-1.081081081,0.189189189,0.891891892,-2,-2,-2,100,1,121,91,2
388,37,72,2,2,2,2,2,2,7,-4,-3,-7,3,4,1,10,-11,1,-11,10,1,1,1,0.635135135,50.57,2,2,2,2,2,2,0,0,0.243243243,0.432432432,1.324324324,-0.297297297,0.027027027,0.27027027,1.081081081,-0.189189189,-0.891891892,2,2,2,-16,-49,-9,-3,-13
